place_id,name,lat,lng,address,source,num_shops,total_reviews,score_avg_rating,score_review_density,score_variety,score_hours,shop_quality_score,density_score,rz_avg,residential_coverage,zone_breakdown,population_500m,population_score,top_shops
ChIJjVRG6GVNFmsR1sDCsXw-w3Q,Coles Canberra Civic,-35.2782068,149.1339409,"Bunda St, Canberra ACT 2601, Australia",google_places,60,15244,3.79,10.0,4.17,7.69,5.94,1.65,2.61,0.126,"{""DES"": 47045, ""CF"": 15314, ""PRZ1"": 34474, ""TSZ1"": 75941, ""CZ1"": 252627, ""RZ4"": 22632, ""CZ2"": 14667, ""CZ3"": 47293, ""RZ1"": 42706, ""PRZ2"": 33415, ""RZ5"": 15599, ""CZ5"": 33463, ""CZ6"": 4916}",1983,7.18,"[{""name"": ""Community Info Hub, Canberra"", ""rating"": 5, ""reviews"": 8}, {""name"": ""Rodger Bartholomew"", ""rating"": 4.8, ""reviews"": 85}, {""name"": ""Cue Canberra City"", ""rating"": 4.8, ""reviews"": 12}]"
ChIJJR1ty_9NFmsRLkO6neAbgfE,The Corner Market,-35.2788406,149.1257148,"Shop 1 & 3/113-119 Marcus Clarke St, Canberra ACT 2601, Australia",google_places,60,3359,4.42,6.81,5.83,0.0,4.51,0.0,0.0,0.0,"{""DES"": 296526, ""CF"": 13762, ""TSZ1"": 76055, ""CZ1"": 214331, ""PRZ1"": 14800, ""CZ2"": 17345, ""CZ5"": 7304}",2727,9.89,"[{""name"": ""Hobart Place Dental"", ""rating"": 5, ""reviews"": 16}, {""name"": ""AMC Architecture"", ""rating"": 5, ""reviews"": 5}, {""name"": ""CMS Insurance Services"", ""rating"": 5, ""reviews"": 5}]"
ChIJq_5mmOZNFmsR_FFQsHmgaf0,All In One Super Mart CANBERRA,-35.2781544,149.1285259,"3/53 Alinga St, Canberra ACT 2601, Australia",google_places,60,14056,4.29,10.0,10.0,1.66,6.9,0.12,2.195,0.011,"{""DES"": 188901, ""CF"": 4790, ""TSZ1"": 65887, ""CZ1"": 291966, ""PRZ1"": 11186, ""RZ1"": 4313, ""RZ4"": 2855, ""CZ2"": 59839, ""CZ3"": 10368}",3200,10.0,"[{""name"": ""WOTLINK"", ""rating"": 5, ""reviews"": 15}, {""name"": ""AMC Architecture"", ""rating"": 5, ""reviews"": 5}, {""name"": ""Private I Marketing"", ""rating"": 5, ""reviews"": 5}]"
ChIJjQrir8hNFmsRl4XvpOFcnhQ,Buddys Convenience store,-35.2800618,149.1311151,"unit 1/161 London Cct, Canberra ACT 2601, Australia",google_places,60,13054,4.07,10.0,3.33,4.76,5.14,0.0,0.0,0.0,"{""DES"": 253641, ""CF"": 2285, ""TSZ1"": 52601, ""CZ1"": 310157, ""PRZ1"": 12006, ""CZ2"": 894, ""CZ3"": 3507, ""CZ5"": 79, ""CZ6"": 4911}",1141,4.12,"[{""name"": ""contentgroup"", ""rating"": 5, ""reviews"": 5}, {""name"": ""All IT Solutions"", ""rating"": 4.9, ""reviews"": 13}, {""name"": ""Canberra Day Spa"", ""rating"": 4.8, ""reviews"": 407}]"
ChIJWTAYr6FNFmsRedp6VVXl8_s,21 Capital Mart,-35.2841219,149.1246403,"Tenancy 2/21-23 Marcus Clarke St, Canberra ACT 2601, Australia",google_places,60,10434,3.71,9.54,9.17,0.3,6.1,0.0,0.0,0.0,"{""DES"": 536150, ""CF"": 22038, ""TSZ1"": 28549, ""CZ1"": 45925, ""CZ5"": 7352}",1222,4.41,"[{""name"": ""Rafferty's Catering Albury Wodonga"", ""rating"": 5, ""reviews"": 10}, {""name"": ""IQ Capital Group - Canberra Office"", ""rating"": 5, ""reviews"": 7}, {""name"": ""Clayton Utz"", ""rating"": 5, ""reviews"": 5}]"
ChIJYwc6r_JSFmsRP0aApfqZbpA,Woolworths Dickson,-35.249974,149.1386251,"1 Dickson Pl, Dickson ACT 2602, Australia",google_places,60,12134,3.84,9.9,10.0,4.24,7.29,3.48,1.744,0.399,"{""DES"": 1289, ""CF"": 63186, ""PRZ1"": 36633, ""TSZ1"": 74744, ""RZ1"": 121639, ""CZ3"": 60431, ""RZ2"": 77769, ""CZ5"": 37172, ""RZ3"": 56116, ""CZ2"": 38716, ""CZ1"": 37333, ""CZ6"": 35321}",1780,6.44,"[{""name"": ""Pass Go Home Loans Pty Ltd"", ""rating"": 5, ""reviews"": 65}, {""name"": ""Bookssorted Group"", ""rating"": 5, ""reviews"": 42}, {""name"": ""Murray Fisher Chiropractor Pty Ltd"", ""rating"": 5, ""reviews"": 27}]"
ChIJsc9euohSFmsRVHJ1pIvs4Ag,IGA Ainslie Supermarket,-35.261979,149.144987,"9/11 Edgar St, Ainslie ACT 2602, Australia",google_places,60,4804,5.21,7.67,10.0,5.1,7.36,2.0,1.0,0.837,"{""RZ1"": 536057, ""CF"": 1184, ""PRZ1"": 50622, ""TSZ1"": 43532, ""CZ4"": 8859}",1209,4.37,"[{""name"": ""Aesthetics Wellness Canberra"", ""rating"": 5, ""reviews"": 80}, {""name"": ""Thorson Photography"", ""rating"": 5, ""reviews"": 54}, {""name"": ""Isha Bae - Art Therapy & Sound Healing"", ""rating"": 5, ""reviews"": 12}]"
ChIJRfbd0OZNFmsR_Oq9eSO37jk,Daily Market Groceries Canberra City,-35.2768193,149.1254796,"Shop 5/35 Childers St, Canberra ACT 2601, Australia",google_places,60,4492,4.8,7.51,10.0,0.54,6.31,0.43,3.801,0.023,"{""DES"": 227799, ""CF"": 17182, ""TSZ1"": 73140, ""CZ1"": 183709, ""PRZ1"": 32235, ""PRZ2"": 36071, ""RZ1"": 970, ""RZ4"": 13621, ""CZ2"": 55415}",2947,10.0,"[{""name"": ""Credit Star Co Home Loans - Harbir S Hundal"", ""rating"": 5, ""reviews"": 41}, {""name"": ""Cycle Jam"", ""rating"": 5, ""reviews"": 8}, {""name"": ""WSP"", ""rating"": 5, ""reviews"": 6}]"
ChIJVzmXO5xNFmsR7A9NtN-0qP8,IGA,-35.2895698,149.1539791,"SHOP 5/10 Blamey Pl, Campbell ACT 2612, Australia",google_places,60,2182,5.57,5.8,10.0,2.99,6.65,2.59,1.293,0.63,"{""DES"": 6781, ""RZ1"": 284945, ""CF"": 63268, ""PRZ1"": 116026, ""TSZ1"": 41776, ""RZ2"": 118136, ""CZ4"": 9119}",991,3.57,"[{""name"": ""Campbell Dental Practice"", ""rating"": 5, ""reviews"": 157}, {""name"": ""The Campbell Vet"", ""rating"": 5, ""reviews"": 34}, {""name"": ""Authentic Dentistry Dr Michael Back, Campbell ACT"", ""rating"": 5, ""reviews"": 17}]"
ChIJb29AXXlNFmsReuO3oq8-vb0,Akuna Mini Mart,-35.2818526,149.1327116,"10 Akuna St, Canberra ACT 2601, Australia",google_places,60,10485,4.24,9.54,3.33,1.51,4.44,0.02,4.0,0.001,"{""DES"": 284588, ""CF"": 1373, ""PRZ1"": 41587, ""TSZ1"": 45224, ""CZ1"": 205354, ""CZ5"": 11544, ""RZ4"": 664, ""CZ6"": 49714}",1447,5.23,"[{""name"": ""Dominion Finance"", ""rating"": 5, ""reviews"": 132}, {""name"": ""Harrington Hall Lawyers"", ""rating"": 5, ""reviews"": 54}, {""name"": ""Beyond Bank"", ""rating"": 5, ""reviews"": 7}]"
ChIJkzavU5lSFmsRoD0I5Wu7nUM,BRADDON SUPERMARKET,-35.2640346,149.1327682,"94 Lowanna St, Braddon ACT 2612, Australia",google_places,60,1486,4.41,4.9,7.5,3.09,5.33,7.22,3.61,0.516,"{""RZ3"": 134910, ""DES"": 58403, ""PRZ1"": 15625, ""TSZ2"": 4, ""TSZ1"": 64062, ""CZ5"": 166206, ""RZ4"": 189379, ""RZ5"": 6139, ""PRZ2"": 5494}",3411,10.0,"[{""name"": ""Green Rooms"", ""rating"": 5, ""reviews"": 15}, {""name"": ""The Common CBR"", ""rating"": 5, ""reviews"": 14}, {""name"": ""Indiginaus Print"", ""rating"": 5, ""reviews"": 5}]"
ChIJGU572aBSFmsR-640eVdD8nA,Supabarn O’Connor,-35.264095,149.1222495,"3 Sargood St, O'Connor ACT 2602, Australia",google_places,60,3816,4.36,7.12,10.0,2.86,6.59,3.26,1.631,0.529,"{""RZ3"": 16020, ""RZ1"": 190763, ""CF"": 72627, ""PRZ2"": 25362, ""PRZ1"": 132962, ""TSZ1"": 61029, ""RZ2"": 106891, ""CZ4"": 9688, ""RZ4"": 24907}",1408,5.09,"[{""name"": ""SPK Early Learning Centre"", ""rating"": 5, ""reviews"": 17}, {""name"": ""Embody Massage & Somatic Therapies"", ""rating"": 5, ""reviews"": 6}, {""name"": ""Paul Barnett Design Group"", ""rating"": 5, ""reviews"": 3}]"
ChIJBcovVRxNFmsRezV5r3Sw86s,Barton Grocer,-35.3061435,149.1358749,"48 Macquarie St, Barton ACT 2600, Australia",google_places,60,3730,4.56,7.07,8.33,0.0,5.47,0.75,2.762,0.055,"{""TSZ1"": 1394, ""RZ4"": 20511, ""DES"": 603588, ""RZ1"": 14421}",735,2.64,"[{""name"": ""Custodian Financial Group"", ""rating"": 5, ""reviews"": 7}, {""name"": ""Noetic Group"", ""rating"": 5, ""reviews"": 3}, {""name"": ""Maddocks"", ""rating"": 5, ""reviews"": 3}]"
ChIJiyO5SexMFmsRXAQqht7cJXM,Coles Manuka,-35.3210247,149.1341946,"Franklin Street &, Flinders Way, Griffith ACT 2603, Australia",google_places,60,7246,4.58,8.65,10.0,4.54,7.28,3.78,1.889,0.419,"{""DES"": 50413, ""RZ1"": 181845, ""CF"": 34703, ""PRZ2"": 66479, ""PRZ1"": 58168, ""TSZ1"": 56704, ""CZ1"": 44837, ""CZ2"": 52647, ""RZ2"": 35360, ""RZ5"": 50689, ""CZ6"": 3338, ""CZ5"": 4485}",799,2.87,"[{""name"": ""Definitive Dental - Dentist Manuka"", ""rating"": 5, ""reviews"": 103}, {""name"": ""Aussie Home Loans Manuka"", ""rating"": 5, ""reviews"": 31}, {""name"": ""Symons Phillips"", ""rating"": 5, ""reviews"": 15}]"
ChIJH2uTPGZNFmsRfVosH_tO9Yg,Daily Market Groceries Kambri,-35.2774671,149.1202486,"Joplin Ln B156-B1 Kambri, The Australian National University, Acton ACT 2601, Australia",google_places,60,2963,4.41,6.52,10.0,4.59,6.82,0.0,0.0,0.0,"{""DES"": 598645, ""CF"": 9892, ""TSZ1"": 10159, ""CZ1"": 21430}",1233,4.45,"[{""name"": ""PARSA Cycles"", ""rating"": 5, ""reviews"": 7}, {""name"": ""Pauline Griffin Health and Wellbeing Centre"", ""rating"": 5, ""reviews"": 3}, {""name"": ""Mui Wing Chun Wu Shu Academy"", ""rating"": 5, ""reviews"": 2}]"
ChIJjaE19fxMFmsRS9WidWkuXl0,Supabarn Kingston,-35.3164172,149.142356,"34/38 Eyre St, Kingston ACT 2604, Australia",google_places,60,5201,4.9,7.86,10.0,4.83,7.26,8.68,4.339,0.563,"{""DES"": 1202, ""CZ5"": 62171, ""CF"": 29039, ""PRZ1"": 48489, ""TSZ1"": 50789, ""CZ1"": 35712, ""CZ2"": 51939, ""RZ1"": 59571, ""RZ5"": 300925}",3938,10.0,"[{""name"": ""Precision Dental Care @ Kingston"", ""rating"": 5, ""reviews"": 67}, {""name"": ""Canberra Trauma Sensitive Yoga Therapy"", ""rating"": 5, ""reviews"": 27}, {""name"": ""Contours de Femme"", ""rating"": 5, ""reviews"": 6}]"
ChIJbf5I23CtF2sRqq3ZJYem2iA,Coles Belconnen,-35.237949,149.064837,"Benjamin Way, Belconnen ACT 2617, Australia",google_places,60,13662,3.83,10.0,10.0,10.0,8.46,0.25,3.336,0.015,"{""CF"": 7458, ""PRZ1"": 76050, ""TSZ2"": 3747, ""CZ1"": 129083, ""CZ2"": 201547, ""TSZ1"": 127659, ""RZ2"": 5326, ""CZ3"": 76842, ""CZ6"": 8664, ""RZ5"": 4275}",1438,5.2,"[{""name"": ""Elite Supps Belconnen"", ""rating"": 5, ""reviews"": 645}, {""name"": ""Michelle Driscoll Craniosacral and Massage Therapy"", ""rating"": 5, ""reviews"": 21}, {""name"": ""Amplifon Belconnen Retail"", ""rating"": 5, ""reviews"": 5}]"
ChIJ2xAuzr1SFmsRKjsJk7jphSc,Lyneham Supaexpress,-35.2520582,149.1248453,"1 Wattle Pl, Lyneham ACT 2602, Australia",google_places,60,3913,5.14,7.19,10.0,3.2,6.86,2.71,1.353,0.66,"{""CF"": 57556, ""PRZ1"": 86202, ""TSZ1"": 55225, ""CZ4"": 18668, ""RZ2"": 122634, ""RZ3"": 13309, ""RZ1"": 286738}",1345,4.86,"[{""name"": ""Inya Cosmetic Skin Clinic"", ""rating"": 5, ""reviews"": 158}, {""name"": ""Dental Embassy"", ""rating"": 5, ""reviews"": 105}, {""name"": ""Feel Better Pilates"", ""rating"": 5, ""reviews"": 14}]"
ChIJz0Tr0oKyF2sRO5rhv6dBlkY,Coles Jamison,-35.2528076,149.0713348,"Jamison Plaza, Bowman St, Macquarie ACT 2614, Australia",google_places,60,6262,4.29,8.3,10.0,7.08,7.65,3.16,2.0,0.316,"{""CF"": 103377, ""PRZ2"": 50753, ""PRZ1"": 51919, ""CZ2"": 46181, ""CZ1"": 37088, ""TSZ1"": 129047, ""RZ2"": 202621, ""CZ3"": 19445}",1186,4.28,"[{""name"": ""Phones 101 Fix Jamison Plaza Belconnen - Phone, Tablet & Tech Repair Experts"", ""rating"": 5, ""reviews"": 163}, {""name"": ""Jamison Plaza Travel Associates"", ""rating"": 5, ""reviews"": 48}, {""name"": ""Synergy Chiropractic Centre"", ""rating"": 5, ""reviews"": 6}]"
ChIJkT7aXuNNFmsRROnDtJCH-_Q,Costco Wholesale Canberra,-35.2972375,149.1905839,"39-41 Mustang Ave, MAJURA PARK ACT 2609, Australia",google_places,60,15389,4.13,10.0,10.0,9.86,8.5,0.0,0.0,0.0,"{""NUZ1"": 602029, ""IZ2"": 37952}",14,0.02,"[{""name"": ""Elite Supplements Majura"", ""rating"": 5, ""reviews"": 207}, {""name"": ""Indoor Playground Majura Park"", ""rating"": 5, ""reviews"": 2}, {""name"": ""Lollys R us"", ""rating"": 5, ""reviews"": 1}]"
ChIJyUNkZUJNFmsRNrosFDJBLkE,DEAKIN SUPAEXPRESS & LOCAL LIQUOR,-35.31507819999999,149.108165,"25-27 Hopetoun Cct, Deakin ACT 2600, Australia",google_places,60,3671,4.78,7.03,10.0,4.0,6.9,2.57,1.286,0.668,"{""DES"": 78848, ""RZ1"": 311332, ""CF"": 23765, ""PRZ1"": 31416, ""PRZ2"": 14852, ""TSZ1"": 25015, ""CZ5"": 12927, ""RZ4"": 2906, ""RZ2"": 113411, ""CZ6"": 14098, ""CZ4"": 11432}",1138,4.11,"[{""name"": ""Sissa Sorella"", ""rating"": 5, ""reviews"": 84}, {""name"": ""Back In Strength"", ""rating"": 5, ""reviews"": 48}, {""name"": ""Off The Pine Personal Training"", ""rating"": 5, ""reviews"": 18}]"
ChIJxRhXjONNFmsRwdgFvj1e6e8,Majura Park Shopping Centre,-35.2993485,149.1905601,"18/26 Spitfire Ave, Majura Park ACT 2609, Australia",google_places,60,11799,3.98,9.82,10.0,10.0,8.46,0.0,0.0,0.0,"{""NUZ1"": 637917, ""IZ2"": 2046}",14,0.02,"[{""name"": ""Elite Supplements Majura"", ""rating"": 5, ""reviews"": 207}, {""name"": ""Majura Park Childcare Centre"", ""rating"": 5, ""reviews"": 19}, {""name"": ""Indoor Playground Majura Park"", ""rating"": 5, ""reviews"": 2}]"
ChIJyWeJSry0F2sRxpujisQ7810,Woolworths Woden,-35.3457533,149.0847462,"1 Keltie St, Phillip ACT 2606, Australia",google_places,60,15029,4.15,10.0,10.0,7.01,7.94,2.86,2.991,0.191,"{""RZ2"": 76315, ""PRZ1"": 28956, ""TSZ1"": 96902, ""CF"": 24250, ""RZ5"": 29209, ""CZ2"": 185408, ""CZ3"": 22182, ""RZ4"": 16852, ""CZ1"": 159487}",1390,5.03,"[{""name"": ""Dental Excellence - Dentist in Woden, Canberra"", ""rating"": 5, ""reviews"": 70}, {""name"": ""WRIGHT WAY RUBBISH REMOVAL"", ""rating"": 5, ""reviews"": 40}, {""name"": ""Cosmetic Laser Clinic"", ""rating"": 5, ""reviews"": 9}]"
ChIJO4Ivf5tUFmsR9mKNI9UM1Pg,ALDI,-35.1848509,149.1331888,"Marketplace Gungahlin Shopping Center, 33 Hibberson St, Gungahlin ACT 2912, Australia",google_places,60,12116,3.37,9.88,10.0,8.22,7.96,0.59,3.0,0.039,"{""TSZ1"": 92583, ""PRZ1"": 32227, ""CZ2"": 61900, ""PRZ2"": 10726, ""CF"": 89375, ""CZ5"": 78421, ""CZ3"": 36961, ""CZ1"": 184375, ""NUZ3"": 29257, ""RZ3"": 25025}",2612,9.47,"[{""name"": ""Elite Supps Gungahlin"", ""rating"": 5, ""reviews"": 513}, {""name"": ""IMB Bank - Gungahlin Branch"", ""rating"": 5, ""reviews"": 7}, {""name"": ""Dr. Shilpa Kalburgi"", ""rating"": 5, ""reviews"": 2}]"
ChIJK47KoOZOFmsR2Cy0r9e7PHk,Coles Queanbeyan,-35.3516692,149.2355943,"Riverside Plaza, 131 Monaro St, Queanbeyan NSW 2620, Australia",google_places,60,8234,3.93,8.96,9.17,6.55,7.29,0.0,0.0,0.0,{},0,0.0,"[{""name"": ""TAB Queanbeyan"", ""rating"": 5, ""reviews"": 4}, {""name"": ""Queanbeyan Multilingual Centre"", ""rating"": 5, ""reviews"": 3}, {""name"": ""Your Place Housing Support Service"", ""rating"": 5, ""reviews"": 2}]"
ChIJbR26XZizF2sRX47zsFYlVvE,Woolworths Weston Creek,-35.3405945,149.0529396,"21 Mahony Ct, Weston ACT 2611, Australia",google_places,60,5066,5.06,7.8,10.0,4.99,7.32,2.91,1.948,0.299,"{""RZ1"": 9885, ""TSZ1"": 98949, ""CF"": 78283, ""TSZ2"": 1966, ""PRZ1"": 156541, ""RZ2"": 181391, ""CZ1"": 46593, ""CZ6"": 15494, ""CZ3"": 50644}",855,3.08,"[{""name"": ""rfg Dentistry"", ""rating"": 5, ""reviews"": 98}, {""name"": ""Weston Creek Physiotherapy"", ""rating"": 5, ""reviews"": 28}, {""name"": ""Audika Hearing Clinic Weston Creek"", ""rating"": 5, ""reviews"": 25}]"
ChIJi50tQ9WsF2sRNcITMpCS1QE,Coles Kaleen,-35.220295,149.1028981,"Plaza Shopping Centre, 1 Maribyrnong Ave, Kaleen ACT 2617, Australia",google_places,58,2349,4.82,6.06,10.0,7.98,7.51,4.03,2.013,0.584,"{""RZ1"": 66842, ""CF"": 43398, ""PRZ1"": 139932, ""TSZ1"": 41463, ""RZ2"": 279748, ""RZ4"": 10565, ""CZ1"": 34159, ""RZ5"": 16862, ""CZ5"": 7591}",1129,4.08,"[{""name"": ""Dance Northside"", ""rating"": 5, ""reviews"": 75}, {""name"": ""Kaleen Plaza Newsagecy"", ""rating"": 5, ""reviews"": 19}, {""name"": ""Montaigne's Removals"", ""rating"": 5, ""reviews"": 11}]"
ChIJN22YjVVLFmsRlOb1lti6d0E,Friendly Grocer,-35.3425262,149.1082786,"Garran Shopping Centre, Garran Pl, Garran ACT 2605, Australia",google_places,60,2552,5.55,6.18,10.0,2.87,6.7,3.57,1.785,0.754,"{""CF"": 43195, ""RZ1"": 224638, ""PRZ1"": 40858, ""RZ2"": 197369, ""TSZ1"": 56429, ""CZ4"": 14442, ""RZ4"": 60465, ""PRZ2"": 2121}",1433,5.18,"[{""name"": ""BEKA DRIVER TRAINING AND ASSESSMENT"", ""rating"": 5, ""reviews"": 208}, {""name"": ""Accelerate Physiotherapy Garran"", ""rating"": 5, ""reviews"": 72}, {""name"": ""Canberra Mixed Martial Arts"", ""rating"": 5, ""reviews"": 43}]"
ChIJv5KWNVRSFmsRCgT0TkXAPEY,IGA Hackett,-35.248198,149.162636,"1 Hackett Pl, Hackett ACT 2602, Australia",google_places,43,1084,5.99,4.95,5.0,7.3,5.7,2.58,1.291,0.795,"{""CF"": 42485, ""PRZ1"": 52378, ""TSZ1"": 27071, ""RZ1"": 360927, ""RZ2"": 148475, ""CZ4"": 9041}",1256,4.54,"[{""name"": ""North Canberra Osteopathy"", ""rating"": 5, ""reviews"": 133}, {""name"": ""Retire Advice"", ""rating"": 5, ""reviews"": 107}, {""name"": ""Blissd Massage & Wellness Studios"", ""rating"": 5, ""reviews"": 53}]"
ChIJzbXFbc-0F2sRP_fnXywM_qE,Woolworths Mawson,-35.3661449,149.0946696,"15 Mawson Pl, Mawson ACT 2607, Australia",google_places,60,4493,4.85,7.51,10.0,6.08,7.43,4.77,2.383,0.408,"{""PRZ1"": 144143, ""CF"": 9907, ""RZ2"": 93640, ""RZ1"": 84158, ""RZ4"": 65088, ""TSZ2"": 4499, ""CZ1"": 32807, ""TSZ1"": 119602, ""RZ5"": 17967, ""CZ3"": 26224, ""CZ2"": 41388}",980,3.53,"[{""name"": ""Mawson Dental Care"", ""rating"": 5, ""reviews"": 718}, {""name"": ""Sama Sweets"", ""rating"": 5, ""reviews"": 24}, {""name"": ""Southlands Travel & Cruise"", ""rating"": 5, ""reviews"": 11}]"
ChIJlwGpcEpTFmsRgNSJTx9aXnA,Supabarn Crace,-35.2020605,149.1075757,"56 Abena Ave, Crace ACT 2911, Australia",google_places,58,2443,5.91,6.15,10.0,6.3,7.47,2.43,1.215,0.763,"{""RZ1"": 454993, ""PRZ1"": 82065, ""RZ3"": 4308, ""RZ4"": 21143, ""TSZ1"": 52152, ""CF"": 5272, ""CZ5"": 8765, ""RZ5"": 8202, ""CZ4"": 3837}",2441,8.85,"[{""name"": ""Carl's Driver Training"", ""rating"": 5, ""reviews"": 178}, {""name"": ""Olia Photography"", ""rating"": 5, ""reviews"": 31}, {""name"": ""Pit Stop Mobile Tyre Services"", ""rating"": 5, ""reviews"": 12}]"
ChIJnYKclXhTFmsRGBRKiLQuttA,Woolworths Metro Franklin,-35.2002306,149.1489181,"51 Nullarbor Ave, Franklin ACT 2913, Australia",google_places,60,3943,5.5,7.2,10.0,7.58,7.83,4.62,3.108,0.297,"{""PRZ1"": 113520, ""TSZ1"": 93277, ""RZ4"": 20537, ""CF"": 93683, ""RZ3"": 169824, ""CZ5"": 101176, ""NUZ3"": 39862, ""CZ4"": 8876}",3098,10.0,"[{""name"": ""Seki Gadgets"", ""rating"": 5, ""reviews"": 343}, {""name"": ""Franklin Dental Care"", ""rating"": 5, ""reviews"": 90}, {""name"": ""Project Beats"", ""rating"": 5, ""reviews"": 20}]"
ChIJrWsog8pNFmsR2mDJL3qH1Yw,Harris Farm Markets Majura Park,-35.2954122,149.1889051,"Unit 3/10 Catalina Dr, Majura Park ACT 2609, Australia",google_places,40,12900,4.71,10.0,10.0,9.07,8.49,0.0,0.0,0.0,"{""NUZ1"": 570754, ""IZ2"": 69240}",13,0.01,"[{""name"": ""Chargefox Charging Station"", ""rating"": 5, ""reviews"": 3}, {""name"": ""Salumi Deli Majura Park"", ""rating"": 5, ""reviews"": 1}, {""name"": ""Macca\u2019s Cobberplay"", ""rating"": 5, ""reviews"": 1}]"
ChIJVZrrO4itF2sRohDWRcaIPD0,Woolworths Metro Hawker,-35.2431704,149.0441199,"29 Hawker Pl, Hawker ACT 2614, Australia",google_places,60,4535,5.33,7.54,10.0,5.72,7.48,4.29,2.143,0.644,"{""RZ1"": 36381, ""CF"": 52408, ""PRZ1"": 26385, ""PRZ2"": 2959, ""TSZ1"": 94203, ""RZ2"": 328214, ""CZ3"": 14730, ""RZ4"": 47665, ""CZ1"": 21737, ""CZ2"": 15527}",1497,5.41,"[{""name"": ""Feel Better Pilates"", ""rating"": 5, ""reviews"": 62}, {""name"": ""Hawker Place Physiotherapy & Pilates"", ""rating"": 5, ""reviews"": 37}, {""name"": ""Odyssey to healing"", ""rating"": 5, ""reviews"": 7}]"
ChIJd3xA_C9NFmsRVFgty1JopUo,Red Hill SupaExpress,-35.3412847,149.1313765,"Duyfken Pl, Red Hill ACT 2603, Australia",google_places,52,639,5.36,3.31,10.0,4.7,6.44,3.86,1.93,0.681,"{""DES"": 16267, ""CF"": 78212, ""PRZ1"": 33575, ""NUZ3"": 4275, ""TSZ1"": 64647, ""CZ4"": 7329, ""RZ1"": 220065, ""RZ2"": 152008, ""RZ5"": 63252}",1096,3.96,"[{""name"": ""Red Hill Butchers Shop"", ""rating"": 5, ""reviews"": 30}, {""name"": ""Galileo Spanish Australian Preschool"", ""rating"": 5, ""reviews"": 19}, {""name"": ""CANBERRA PREMIUM PIANO LESSON"", ""rating"": 5, ""reviews"": 14}]"
ChIJO7cTE8qtF2sR7KuFjLNUD2U,Woolworths Charnwood,-35.2048626,149.0331797,"25-30 Charnwood Pl, Charnwood ACT 2615, Australia",google_places,60,5973,4.46,8.19,10.0,8.68,7.99,3.94,1.968,0.513,"{""RZ1"": 10648, ""CF"": 39135, ""PRZ1"": 110597, ""TSZ1"": 74436, ""RZ2"": 317889, ""CZ3"": 10760, ""CZ2"": 11322, ""CZ6"": 36606, ""CZ1"": 28917}",780,2.81,"[{""name"": ""NTRUST accountants"", ""rating"": 5, ""reviews"": 39}, {""name"": ""mycar Tyre & Auto Charnwood"", ""rating"": 4.9, ""reviews"": 538}, {""name"": ""Ginninderry Espresso"", ""rating"": 4.9, ""reviews"": 334}]"
ChIJay60EiqtF2sRQisJN6H1ZqE,Supaexpress,-35.2337993,149.1029054,"Unit 8 Gwydir Square, Maribyrnong Ave, Kaleen ACT 2617, Australia",google_places,27,1385,4.94,6.61,10.0,7.25,7.51,2.89,1.447,0.67,"{""CF"": 36055, ""PRZ1"": 127348, ""PRZ2"": 10397, ""RZ2"": 191831, ""TSZ1"": 26962, ""RZ1"": 237362, ""CZ4"": 10554}",919,3.31,"[{""name"": ""Action Taekwondo Canberra: Kaleen"", ""rating"": 5, ""reviews"": 2}, {""name"": ""Kaleen Family Dental Surgery"", ""rating"": 4.9, ""reviews"": 213}, {""name"": ""Alice's hair palace & skin and laser studio"", ""rating"": 4.9, ""reviews"": 60}]"
ChIJK0CPNVRSFmsRQaJhhhwF8YU,SupaBarn Express,-35.2389866,149.1533702,"5 Watson Pl, Watson ACT 2602, Australia",google_places,58,3771,6.01,7.18,10.0,5.72,7.58,2.65,1.324,0.635,"{""CF"": 92964, ""PRZ1"": 77443, ""TSZ1"": 54742, ""RZ2"": 131960, ""RZ1"": 274943, ""CZ4"": 8392}",1285,4.64,"[{""name"": ""Brows and Lashes Beauty Bar"", ""rating"": 5, ""reviews"": 130}, {""name"": ""Game Plus"", ""rating"": 5, ""reviews"": 28}, {""name"": ""Galvanized Fitness"", ""rating"": 5, ""reviews"": 26}]"
ChIJa7uxoK2tF2sRC0vAE5HV4Kw,Friendly Grocer & Local Liquor Melba,-35.2081529,149.0486515,"1/4-6 Melba Ct, Melba ACT 2615, Australia",google_places,35,1950,5.23,6.81,8.33,8.68,7.32,2.96,1.482,0.788,"{""RZ1"": 261856, ""CF"": 24923, ""TSZ2"": 2766, ""PRZ1"": 32244, ""TSZ1"": 68748, ""RZ2"": 243204, ""CZ4"": 6956}",1256,4.54,"[{""name"": ""Melba Veterinary Clinic"", ""rating"": 5, ""reviews"": 347}, {""name"": ""Bushman Tanks - Rain water tanks ACT"", ""rating"": 5, ""reviews"": 23}, {""name"": ""Rabbit Master Cleaning Services"", ""rating"": 5, ""reviews"": 21}]"
ChIJg2obeayzF2sRA6xlqo1mAUw,Friendly Grocer,-35.3335607,149.0937384,"16 Hughes Pl, Hughes ACT 2605, Australia",google_places,47,1041,5.93,4.64,10.0,3.69,6.65,3.04,1.518,0.732,"{""RZ1"": 266572, ""CF"": 66881, ""PRZ1"": 65609, ""TSZ1"": 30596, ""RZ2"": 181212, ""CZ4"": 8421, ""RZ4"": 20388}",1259,4.55,"[{""name"": ""ACT Tax Agents"", ""rating"": 5, ""reviews"": 12}, {""name"": ""Dorothy Sales Cottages"", ""rating"": 5, ""reviews"": 3}, {""name"": ""European Masters"", ""rating"": 5, ""reviews"": 3}]"
ChIJ0ZWQcS6zF2sRXvNDqh6tBLE,SupaExpress Yarralumla & Local Liquor,-35.30741,149.0977237,"23 Bentham St, Yarralumla ACT 2600, Australia",google_places,60,5028,5.91,7.78,10.0,3.08,7.15,3.07,1.537,0.684,"{""DES"": 67408, ""RZ1"": 202700, ""CF"": 17836, ""PRZ1"": 69694, ""TSZ1"": 30195, ""CZ6"": 6227, ""CZ4"": 10556, ""RZ2"": 235273}",687,2.47,"[{""name"": ""Mortgage Choice Yarralumla - Canberra"", ""rating"": 5, ""reviews"": 105}, {""name"": ""Yarralumla Dental Care - Near Deakin | Red Hill | South Canberra"", ""rating"": 5, ""reviews"": 49}, {""name"": ""Bloom Brows & Body"", ""rating"": 5, ""reviews"": 38}]"
ChIJ732pCEy1F2sR525mc9N8mKk,Woolworths Erindale,-35.4036026,149.098477,"50/68 Comrie St, Wanniassa ACT 2903, Australia",google_places,60,8004,4.01,8.9,10.0,7.15,7.71,3.09,1.89,0.327,"{""CF"": 66122, ""PRZ2"": 42867, ""PRZ1"": 81989, ""TSZ1"": 116384, ""RZ2"": 186052, ""CZ2"": 21422, ""CZ3"": 47052, ""RZ1"": 22919, ""CZ6"": 14082, ""CZ1"": 40249}",663,2.38,"[{""name"": ""Aaron Still Consulting"", ""rating"": 5, ""reviews"": 1}, {""name"": ""One Call Property Services Network PTY LTD"", ""rating"": 5, ""reviews"": 1}, {""name"": ""ACTTECH"", ""rating"": 5, ""reviews"": 1}]"
ChIJ908-QV2zF2sRViYKvPd99gk,Coles Curtin,-35.3256387,149.0824128,"Centre, 51 Curtin Pl, Curtin ACT 2605, Australia",google_places,60,3944,5.29,7.2,10.0,6.18,7.5,4.23,2.114,0.525,"{""RZ1"": 31616, ""CF"": 69146, ""PRZ1"": 130634, ""RZ2"": 269054, ""RZ4"": 35000, ""CZ2"": 15759, ""CZ1"": 24772, ""TSZ1"": 59895, ""CZ3"": 3870}",1154,4.17,"[{""name"": ""Objective Wealth & Mortgages"", ""rating"": 5, ""reviews"": 35}, {""name"": ""Zyto"", ""rating"": 5, ""reviews"": 28}, {""name"": ""SS Cosmetic Tattooing"", ""rating"": 5, ""reviews"": 22}]"
ChIJTchhuKGtF2sRa3IDwS5f3Wo,SupaExpress,-35.2263914,149.0544269,"1/26 Kesteven St, Florey ACT 2615, Australia",google_places,56,3696,5.35,7.2,10.0,6.02,7.48,2.7,1.352,0.673,"{""RZ1"": 279585, ""CF"": 35847, ""TSZ2"": 14858, ""PRZ1"": 77401, ""TSZ1"": 64547, ""RZ2"": 151593, ""CZ4"": 16662}",1364,4.93,"[{""name"": ""Canberra Dental Specialists"", ""rating"": 5, ""reviews"": 45}, {""name"": ""My Canberra Building Inspections ACT"", ""rating"": 5, ""reviews"": 39}, {""name"": ""Arborista Trees"", ""rating"": 5, ""reviews"": 12}]"
actmapi_cz4_m35d19454_149d01959,Local Centre — Dunlop,-35.194542552050194,149.0195889812633,"Dunlop, ACT",actmapi_cz4,19,368,6.39,4.34,6.67,7.12,6.22,2.0,1.0,0.813,"{""RZ1"": 521095, ""PRZ1"": 69813, ""CZ4"": 2858, ""TSZ1"": 47043}",1977,7.16,"[{""name"": ""UREMIT PTY LTD"", ""rating"": 5, ""reviews"": 3}, {""name"": ""Canberra shower repair"", ""rating"": 5, ""reviews"": 3}, {""name"": ""Lance Hill Av after Shoobridge Cct"", ""rating"": 5, ""reviews"": 1}]"
actmapi_cz4_m35d17151_149d14304,Local Centre — Forde,-35.171508839720154,149.1430375462976,"Forde, ACT",actmapi_cz4,60,2253,4.49,5.87,9.17,2.86,6.08,6.05,3.023,0.455,"{""PRZ1"": 203823, ""RZ3"": 276885, ""TSZ1"": 73509, ""CZ5"": 32664, ""CF"": 31533, ""CZ4"": 7573, ""RZ4"": 12281, ""RZ1"": 2736}",1208,4.36,"[{""name"": ""Success Tax Professionals Forde"", ""rating"": 5, ""reviews"": 34}, {""name"": ""Change Yoga & Wellness Forde"", ""rating"": 5, ""reviews"": 21}, {""name"": ""Terry Johnson Legal"", ""rating"": 5, ""reviews"": 9}]"
actmapi_cz4_m35d16139_149d13905,Local Centre — Bonner,-35.16138869166222,149.13904958034237,"Bonner, ACT",actmapi_cz4,31,916,5.26,5.31,8.33,7.25,6.74,4.49,2.245,0.638,"{""RZ1"": 154218, ""RZ3"": 254486, ""PRZ1"": 113134, ""TSZ1"": 74400, ""TSZ2"": 65, ""CZ4"": 5377, ""CF"": 39419}",2197,7.96,"[{""name"": ""Let's Pour Acrylic N Resin"", ""rating"": 5, ""reviews"": 6}, {""name"": ""Mobourne St before Ben Blakeney St"", ""rating"": 5, ""reviews"": 1}, {""name"": ""Bush Capital"", ""rating"": 5, ""reviews"": 1}]"
actmapi_cz4_m35d35242_149d07597,Local Centre — Chifley,-35.352423022078945,149.07596966543792,"Chifley, ACT",actmapi_cz4,45,1344,6.25,5.34,10.0,0.0,6.13,2.7,1.352,0.574,"{""DES"": 100752, ""RZ1"": 244323, ""CF"": 43238, ""PRZ1"": 87383, ""NUZ3"": 2139, ""TSZ1"": 34119, ""RZ2"": 119228, ""CZ4"": 5090, ""RZ4"": 3275}",1098,3.96,"[{""name"": ""Noticeably Clean Windows"", ""rating"": 5, ""reviews"": 49}, {""name"": ""Photox - Canberra Photography Services"", ""rating"": 5, ""reviews"": 24}, {""name"": ""EQUIPD Allied Health"", ""rating"": 5, ""reviews"": 18}]"
actmapi_cz4_m35d24112_149d09215,Local Centre — Bruce,-35.241117558988726,149.09214639040144,"Bruce, ACT",actmapi_cz4,60,2518,5.24,6.13,10.0,2.38,6.51,5.13,3.103,0.331,"{""CF"": 147475, ""PRZ1"": 55889, ""CZ4"": 18980, ""CZ5"": 149094, ""RZ4"": 21916, ""RZ3"": 189858, ""TSZ1"": 48579, ""TSZ2"": 8768}",2123,7.69,"[{""name"": ""Canberra Antennas"", ""rating"": 5, ""reviews"": 135}, {""name"": ""The Nomad Captures"", ""rating"": 5, ""reviews"": 7}, {""name"": ""Oxide Interactive"", ""rating"": 5, ""reviews"": 4}]"
actmapi_cz4_m35d33671_149d03242,Local Centre — Duffy,-35.33671209286517,149.0324184867533,"Duffy, ACT",actmapi_cz4,29,281,6.57,2.78,6.67,7.25,5.98,2.9,1.448,0.755,"{""RZ1"": 266561, ""CF"": 38098, ""PRZ1"": 78728, ""CZ4"": 6865, ""RZ2"": 216652, ""TSZ1"": 32873}",1324,4.79,"[{""name"": ""K lash and beauty"", ""rating"": 5, ""reviews"": 16}, {""name"": ""Capital Woodfired Pizza Catering"", ""rating"": 5, ""reviews"": 15}, {""name"": ""Hq flooring"", ""rating"": 5, ""reviews"": 9}]"
actmapi_cz4_m35d20872_149d07354,Local Centre — Evatt,-35.20871878245099,149.07353678523282,"Evatt, ACT",actmapi_cz4,42,1065,6.01,4.96,10.0,6.2,7.23,3.26,1.632,0.757,"{""RZ1"": 178564, ""CF"": 37257, ""PRZ1"": 72541, ""TSZ1"": 33766, ""RZ2"": 306436, ""CZ4"": 12168}",1406,5.08,"[{""name"": ""Colonics Canberra"", ""rating"": 5, ""reviews"": 38}, {""name"": ""Rosie's at Evatt"", ""rating"": 5, ""reviews"": 28}, {""name"": ""Golden Looks Salon"", ""rating"": 5, ""reviews"": 18}]"
actmapi_cz4_m35d25642_149d07889,Local Centre — Aranda,-35.25642329902708,149.07888689608967,"Aranda, ACT",actmapi_cz4,33,1191,5.76,5.79,3.33,3.15,4.39,2.66,1.33,0.571,"{""CF"": 72614, ""PRZ1"": 149254, ""RZ2"": 120474, ""CZ4"": 3359, ""RZ1"": 244899, ""TSZ1"": 49709}",1006,3.63,"[{""name"": ""St Vincent de Paul Catholic Church"", ""rating"": 5, ""reviews"": 6}, {""name"": ""Canberra Allied Health"", ""rating"": 5, ""reviews"": 4}, {""name"": ""Canberra Korean Catholic Church"", ""rating"": 5, ""reviews"": 4}]"
actmapi_cz4_m35d37297_149d08718,Local Centre — Torrens,-35.372973727316676,149.08717870367764,"Torrens, ACT",actmapi_cz4,44,739,5.58,4.01,3.33,1.97,3.76,2.43,1.215,0.84,"{""CF"": 37568, ""PRZ1"": 25064, ""PRZ2"": 4911, ""RZ2"": 115260, ""CZ4"": 9349, ""RZ1"": 421636, ""TSZ1"": 25592}",1233,4.45,"[{""name"": ""Japanese Head Spa Massage \u2013 Female / Couples Only (Home-Based)"", ""rating"": 5, ""reviews"": 27}, {""name"": ""Torrens Preschool"", ""rating"": 5, ""reviews"": 6}, {""name"": ""Colour Me Coach Canberra | Colour Analysis"", ""rating"": 5, ""reviews"": 6}]"
actmapi_cz4_m35d46514_149d08554,Local Centre — Gordon,-35.46514397188536,149.08553511695885,"Gordon, ACT",actmapi_cz4,15,71,6.05,1.27,0.0,5.22,2.81,2.0,1.0,0.785,"{""RZ1"": 501604, ""CF"": 4017, ""TSZ2"": 826, ""PRZ1"": 49378, ""NUZ3"": 41729, ""TSZ1"": 36640, ""CZ4"": 4459}",1539,5.57,"[{""name"": ""Jordan's garden equipment service and repairs"", ""rating"": 5, ""reviews"": 5}, {""name"": ""Knoke Av after Clem Hill St"", ""rating"": 5, ""reviews"": 1}, {""name"": ""Gordon Thai Remedial Massage"", ""rating"": 5, ""reviews"": 1}]"
actmapi_cz4_m35d38413_149d07216,Local Centre — Kambah,-35.384126102006206,149.07216402039012,"Kambah, ACT",actmapi_cz4,18,253,4.53,3.6,5.0,5.22,4.65,2.62,1.31,0.738,"{""RZ1"": 325612, ""CF"": 43106, ""PRZ1"": 87986, ""TSZ1"": 32837, ""CZ4"": 3650, ""RZ2"": 146101}",1147,4.14,"[{""name"": ""Eucalyptus Montessori"", ""rating"": 5, ""reviews"": 8}, {""name"": ""Village Creek Health Centre"", ""rating"": 5, ""reviews"": 3}, {""name"": ""Imam Hasan Centre Canberra"", ""rating"": 4.8, ""reviews"": 24}]"
actmapi_cz4_m35d21344_149d09557,Local Centre — Giralang,-35.213437161026626,149.0955667951656,"Giralang, ACT",actmapi_cz4,40,295,4.51,2.2,8.33,5.89,5.66,2.33,1.165,0.632,"{""RZ1"": 338514, ""CF"": 37049, ""PRZ1"": 170161, ""TSZ1"": 16468, ""RZ2"": 66684, ""CZ4"": 11798}",917,3.3,"[{""name"": ""Tobacconist & Co. Giralang"", ""rating"": 5, ""reviews"": 21}, {""name"": ""Wattle Resumes"", ""rating"": 5, ""reviews"": 1}, {""name"": ""Madame Carole Tarot Readings"", ""rating"": 5, ""reviews"": 1}]"
actmapi_cz4_m35d18306_149d09812,Local Centre — Nicholls,-35.183057444431284,149.09811739890816,"Nicholls, ACT",actmapi_cz4,31,1168,4.65,5.89,7.5,5.89,6.14,2.0,1.0,0.424,"{""RZ1"": 271610, ""CF"": 93768, ""PRZ1"": 114050, ""PRZ2"": 114087, ""TSZ1"": 34212, ""CZ4"": 13162}",903,3.25,"[{""name"": ""Euro Speciality Automotive"", ""rating"": 5, ""reviews"": 284}, {""name"": ""Independent Driving School"", ""rating"": 5, ""reviews"": 73}, {""name"": ""Canberra Dhamma Vihara"", ""rating"": 5, ""reviews"": 3}]"
actmapi_cz4_m35d25889_149d06336,Local Centre — Cook,-35.2588920782982,149.0633587309174,"Cook, ACT",actmapi_cz4,53,1922,5.79,5.8,7.5,5.43,6.32,2.35,1.177,0.737,"{""CF"": 39516, ""PRZ1"": 64476, ""TSZ1"": 50671, ""RZ2"": 83307, ""CZ4"": 13442, ""RZ1"": 388612, ""DES"": 242}",1231,4.45,"[{""name"": ""Emma Strapps Shiatsu - Massage Belconnen, Cook, Canberra, Acupressure Therapist"", ""rating"": 5, ""reviews"": 10}, {""name"": ""Koala Playschool"", ""rating"": 5, ""reviews"": 5}, {""name"": ""PRESTIGE OYSTERS"", ""rating"": 5, ""reviews"": 4}]"
actmapi_cz4_m35d38851_149d05191,Local Centre — Kambah,-35.388506370189084,149.05191256577396,"Kambah, ACT",actmapi_cz4,16,172,3.74,3.01,4.17,4.08,3.81,2.9,1.448,0.86,"{""RZ1"": 303539, ""PRZ1"": 47877, ""TSZ1"": 39122, ""RZ2"": 246050, ""CZ4"": 2596}",1162,4.2,"[{""name"": ""Goddess Complexions & Beauty"", ""rating"": 5, ""reviews"": 21}, {""name"": ""Kendra Healing Arts"", ""rating"": 5, ""reviews"": 15}, {""name"": ""Ashok House"", ""rating"": 5, ""reviews"": 2}]"
actmapi_cz4_m35d36150_149d05716,Local Centre — Fisher,-35.361503680449786,149.05716225251703,"Fisher, ACT",actmapi_cz4,36,1470,5.82,6.08,7.5,2.0,5.7,3.17,1.585,0.803,"{""RZ1"": 213070, ""CF"": 1888, ""PRZ1"": 57649, ""TSZ1"": 44379, ""RZ2"": 300233, ""CZ4"": 16173, ""DES"": 6050}",1377,4.98,"[{""name"": ""Chinese Therapy Centre"", ""rating"": 5, ""reviews"": 16}, {""name"": ""ProArb Trees"", ""rating"": 5, ""reviews"": 14}, {""name"": ""CODE Z AUSTRALIA"", ""rating"": 5, ""reviews"": 13}]"
actmapi_cz4_m35d43059_149d08115,Local Centre — Bonython,-35.43059348351229,149.08114751698113,"Bonython, ACT",actmapi_cz4,29,128,6.16,1.14,6.67,0.67,4.24,2.0,1.0,0.614,"{""RZ1"": 392605, ""CF"": 50087, ""PRZ1"": 64805, ""NUZ3"": 45285, ""TSZ1"": 81099, ""CZ4"": 5028}",1167,4.21,"[{""name"": ""Rise Holistic"", ""rating"": 5, ""reviews"": 14}, {""name"": ""Canberra Traditional Karate Centre - Bonython"", ""rating"": 5, ""reviews"": 6}, {""name"": ""Fancy Pooch Pet Styling By Jade"", ""rating"": 5, ""reviews"": 4}]"
actmapi_cz4_m35d19863_149d04420,Local Centre — Charnwood,-35.19863369137756,149.04419802873707,"Charnwood, ACT",actmapi_cz4,20,300,4.9,3.76,2.5,3.59,3.57,2.35,1.173,0.834,"{""RZ1"": 441874, ""PRZ1"": 65006, ""TSZ1"": 36710, ""RZ2"": 92314, ""CZ4"": 4862}",1325,4.79,"[{""name"": ""Capital Guitar Repair"", ""rating"": 5, ""reviews"": 25}, {""name"": ""Gibsons Pest Control"", ""rating"": 5, ""reviews"": 2}, {""name"": ""Liquor Legends Top Shop"", ""rating"": 4.7, ""reviews"": 113}]"
actmapi_cz4_m35d22385_149d11155,Local Centre — Kaleen,-35.223853461782184,149.11155465430204,"Kaleen, ACT",actmapi_cz4,28,260,5.81,2.69,3.33,0.0,3.16,2.31,1.154,0.64,"{""NUZ3"": 9099, ""CF"": 65755, ""PRZ1"": 118078, ""RZ2"": 63050, ""CZ4"": 14698, ""RZ1"": 347016, ""TSZ1"": 22831}",1138,4.11,"[{""name"": ""Easy Flow Gutters"", ""rating"": 5, ""reviews"": 98}, {""name"": ""OJAQ BABA"", ""rating"": 5, ""reviews"": 29}, {""name"": ""ATODA"", ""rating"": 5, ""reviews"": 4}]"
actmapi_cz4_m35d43889_149d09762,Local Centre — Calwell,-35.43888983702605,149.09762327898997,"Calwell, ACT",actmapi_cz4,14,192,3.23,3.56,0.0,6.64,2.85,2.0,1.0,0.774,"{""RZ1"": 494308, ""PRZ1"": 73450, ""NUZ3"": 4982, ""TSZ1"": 61072, ""CZ4"": 5046}",1304,4.71,"[{""name"": ""Superior Plumbing and Gasfitting Canberra pty Ltd"", ""rating"": 5, ""reviews"": 183}, {""name"": ""The Silk Tree Guest House"", ""rating"": 4.7, ""reviews"": 3}, {""name"": ""Kinnane Playground"", ""rating"": 4.4, ""reviews"": 5}]"
actmapi_cz4_m35d33317_149d08010,Local Centre — Curtin,-35.33316534802062,149.08010292759346,"Curtin, ACT",actmapi_cz4,19,347,5.07,4.21,1.67,3.59,3.41,2.07,1.034,0.672,"{""RZ1"": 415419, ""TSZ1"": 30097, ""CF"": 45155, ""PRZ1"": 133246, ""RZ2"": 14610, ""CZ4"": 1042}",1141,4.12,"[{""name"": ""O'Briens Tree Services Canberra"", ""rating"": 5, ""reviews"": 75}, {""name"": ""UNIQ Personal Training"", ""rating"": 5, ""reviews"": 2}, {""name"": ""Theodore St before 2nd Holman St"", ""rating"": 5, ""reviews"": 2}]"
actmapi_cz4_m35d24623_149d07106,Local Centre — Belconnen,-35.246231785908066,149.07106106903254,"Belconnen, ACT",actmapi_cz4,28,321,6.85,3.15,0.0,7.8,3.9,4.49,2.247,0.411,"{""CF"": 25171, ""PRZ2"": 21932, ""PRZ1"": 149660, ""TSZ1"": 117328, ""RZ2"": 240346, ""RZ4"": 3437, ""CZ4"": 2710, ""CZ2"": 60429, ""RZ5"": 19357}",2282,8.27,"[{""name"": ""APro Canberra Painting Pty Ltd"", ""rating"": 5, ""reviews"": 152}, {""name"": ""Hooded Poncho Australia"", ""rating"": 5, ""reviews"": 12}, {""name"": ""Eastern Valley Way Wetlands"", ""rating"": 5, ""reviews"": 5}]"
actmapi_cz4_m35d23405_149d05971,Local Centre — Belconnen,-35.234046043789796,149.0597088599113,"Belconnen, ACT",actmapi_cz4,42,3698,5.12,7.9,9.17,7.93,7.66,3.66,1.847,0.396,"{""CF"": 5399, ""TSZ2"": 23788, ""PRZ1"": 105964, ""CZ1"": 2934, ""TSZ1"": 131905, ""RZ2"": 210543, ""CZ4"": 1922, ""RZ4"": 1532, ""CZ3"": 62141, ""CZ2"": 52521, ""RZ1"": 41787}",1578,5.71,"[{""name"": ""C3 Church"", ""rating"": 5, ""reviews"": 23}, {""name"": ""QBC SERVICES"", ""rating"": 5, ""reviews"": 5}, {""name"": ""Walk In Clinic for Animals"", ""rating"": 4.9, ""reviews"": 142}]"
actmapi_cz4_m35d21746_149d07448,Local Centre — Mckellar,-35.21746174309625,149.07447641416348,"Mckellar, ACT",actmapi_cz4,18,487,4.32,5.11,2.5,6.02,4.18,2.57,1.283,0.81,"{""RZ1"": 371975, ""CF"": 1356, ""PRZ1"": 70588, ""TSZ1"": 39869, ""RZ2"": 146984, ""CZ4"": 9882}",1382,5.0,"[{""name"": ""MKS Tiling"", ""rating"": 5, ""reviews"": 4}, {""name"": ""Power Flow Pilates"", ""rating"": 5, ""reviews"": 2}, {""name"": ""Linry Curtains"", ""rating"": 5, ""reviews"": 2}]"
actmapi_cz4_m35d21780_149d14063,Local Centre — Mitchell,-35.21779892397963,149.1406311263277,"Mitchell, ACT",actmapi_cz4,60,3552,4.9,6.96,3.33,1.85,4.15,0.0,0.0,0.0,"{""PRZ1"": 5007, ""NUZ1"": 23924, ""IZ1"": 154111, ""TSZ1"": 78423, ""IZ2"": 374768, ""CZ4"": 4381}",2,0.0,"[{""name"": ""T8 Photography"", ""rating"": 5, ""reviews"": 17}, {""name"": ""Subaroo Dismantlers"", ""rating"": 5, ""reviews"": 7}, {""name"": ""AUSEM DEVELOPMENT & CONSTRUCTION"", ""rating"": 5, ""reviews"": 3}]"
actmapi_cz4_m35d17046_149d06955,Local Centre — Hall,-35.17046189988862,149.06954988326845,"Hall, ACT",actmapi_cz4,59,1896,5.98,5.51,5.83,2.6,5.16,1.83,1.0,0.366,"{""RZ1"": 234856, ""CF"": 24775, ""PRZ1"": 148406, ""NUZ3"": 180102, ""TSZ1"": 30232, ""CZ4"": 22659}",102,0.34,"[{""name"": ""Venetia Major - Bespoke Jewellery"", ""rating"": 5, ""reviews"": 128}, {""name"": ""Ison Constructions"", ""rating"": 5, ""reviews"": 6}, {""name"": ""PBP Holistic Beauty Therapy"", ""rating"": 5, ""reviews"": 6}]"
actmapi_cz4_m35d24645_149d03188,Local Centre — Hawker,-35.24644865893029,149.03187840298503,"Hawker, ACT",actmapi_cz4,18,89,5.62,1.36,1.67,1.17,2.5,2.0,1.0,0.581,"{""NUZ3"": 32199, ""RZ1"": 372196, ""TSZ1"": 55340, ""CF"": 91689, ""PRZ1"": 87702, ""CZ4"": 1147}",813,2.93,"[{""name"": ""Tanumbirini Street Playground"", ""rating"": 5, ""reviews"": 2}, {""name"": ""Hawker College Murranji St"", ""rating"": 5, ""reviews"": 1}, {""name"": ""Canberra City Band"", ""rating"": 4.9, ""reviews"": 10}]"
actmapi_cz4_m35d41685_149d09873,Local Centre — Monash,-35.416849474571116,149.09872897789103,"Monash, ACT",actmapi_cz4,10,162,6.59,3.93,0.0,0.0,2.43,3.06,1.531,0.674,"{""RZ1"": 202141, ""CF"": 42071, ""TSZ2"": 10684, ""PRZ1"": 61335, ""TSZ1"": 90597, ""RZ2"": 228838, ""CZ4"": 3352}",1191,4.3,"[{""name"": ""LillyPilly Early Education Centre Monash"", ""rating"": 5, ""reviews"": 1}, {""name"": ""Monash Shops Cockcroft Av"", ""rating"": 5, ""reviews"": 1}, {""name"": ""Goodwin Village Barraclough Cr"", ""rating"": 5, ""reviews"": 1}]"
actmapi_cz4_m35d33651_149d04417,Local Centre — Holder,-35.336509762441075,149.04417020842752,"Holder, ACT",actmapi_cz4,29,159,6.35,1.57,9.17,3.15,5.74,2.55,1.274,0.758,"{""RZ1"": 351963, ""TSZ1"": 30217, ""CF"": 39727, ""PRZ1"": 81302, ""RZ2"": 132988, ""CZ4"": 3477}",1183,4.27,"[{""name"": ""Ceramic Car Lab"", ""rating"": 5, ""reviews"": 6}, {""name"": ""JV Business Insurance"", ""rating"": 5, ""reviews"": 3}, {""name"": ""Holder Family Practice"", ""rating"": 5, ""reviews"": 2}]"
actmapi_cz4_m35d21884_149d03239,Local Centre — Latham,-35.218836697572954,149.03238900588389,"Latham, ACT",actmapi_cz4,39,313,4.92,2.37,3.33,6.64,4.2,2.29,1.146,0.666,"{""RZ1"": 364141, ""CF"": 36903, ""PRZ1"": 126353, ""TSZ1"": 43154, ""RZ2"": 62464, ""CZ4"": 7567}",1023,3.69,"[{""name"": ""Action Taekwondo Canberra: Latham"", ""rating"": 5, ""reviews"": 10}, {""name"": ""HEAL Medi Spa Canberra"", ""rating"": 5, ""reviews"": 4}, {""name"": ""Latham Playing Fields Playground"", ""rating"": 5, ""reviews"": 4}]"
actmapi_cz4_m35d17437_149d11982,Local Centre — Ngunnawal,-35.17436568081184,149.1198243546952,"Ngunnawal, ACT",actmapi_cz4,25,1195,5.46,6.45,8.33,6.25,6.82,2.0,1.0,0.525,"{""RZ1"": 336345, ""TSZ2"": 12043, ""PRZ1"": 65694, ""PRZ2"": 110289, ""TSZ1"": 111661, ""CZ4"": 4848}",1402,5.07,"[{""name"": ""Act Blinds Cleaning & Repair"", ""rating"": 5, ""reviews"": 73}, {""name"": ""Bold & Bronze Beaute"", ""rating"": 5, ""reviews"": 20}, {""name"": ""Matthew Foster Violin"", ""rating"": 5, ""reviews"": 11}]"
actmapi_cz4_m35d23997_149d12480,Local Centre — Lyneham,-35.23997440042198,149.12480149735973,"Lyneham, ACT",actmapi_cz4,60,1535,5.84,4.98,10.0,4.78,6.91,2.49,1.243,0.529,"{""RZ1"": 256127, ""CF"": 43974, ""PRZ1"": 48033, ""PRZ2"": 132448, ""TSZ1"": 60503, ""RZ2"": 82381, ""CZ4"": 16565, ""CZ6"": 386}",833,3.0,"[{""name"": ""Northside Framing"", ""rating"": 5, ""reviews"": 64}, {""name"": ""Mangata Massage"", ""rating"": 5, ""reviews"": 43}, {""name"": ""Northside Massage and Nutrition"", ""rating"": 5, ""reviews"": 19}]"
actmapi_cz4_m35d33267_149d15376,Local Centre — Narrabundah,-35.33267101984572,149.15375832385095,"Narrabundah, ACT",actmapi_cz4,60,2946,5.77,6.51,9.17,5.43,7.04,2.37,1.186,0.833,"{""CF"": 35309, ""PRZ2"": 4330, ""PRZ1"": 58913, ""CZ4"": 8414, ""RZ1"": 433575, ""RZ2"": 99184}",1252,4.52,"[{""name"": ""MyGoTo - Finance & Legal (Mortgage Brokers & Property Lawyers)"", ""rating"": 5, ""reviews"": 178}, {""name"": ""Someday Property"", ""rating"": 5, ""reviews"": 131}, {""name"": ""Pura Holistic Studio - Narrabundah"", ""rating"": 5, ""reviews"": 115}]"
actmapi_cz4_m35d45013_149d08397,Local Centre — Gordon,-35.45013477370905,149.0839689512941,"Gordon, ACT",actmapi_cz4,27,870,5.6,5.51,10.0,3.15,6.63,2.28,1.141,0.657,"{""RZ1"": 360296, ""PRZ1"": 124382, ""NUZ4"": 41284, ""TSZ1"": 48840, ""RZ2"": 59283, ""CZ4"": 4594}",1044,3.77,"[{""name"": ""The Hoist Whisperer"", ""rating"": 5, ""reviews"": 1}, {""name"": ""Preddey Way at Fingleton Cr"", ""rating"": 5, ""reviews"": 1}, {""name"": ""Caroline Deeble"", ""rating"": 5, ""reviews"": 1}]"
actmapi_cz4_m35d41355_149d10966,Local Centre — Gowrie,-35.41355138626289,149.1096621879922,"Gowrie, ACT",actmapi_cz4,30,846,5.79,5.21,9.17,6.96,7.09,2.51,1.254,0.669,"{""RZ1"": 318755, ""CF"": 44105, ""PRZ1"": 126701, ""TSZ1"": 36130, ""RZ2"": 108596, ""CZ4"": 4776}",967,3.49,"[{""name"": ""Foundation Physio & Pilates"", ""rating"": 5, ""reviews"": 15}, {""name"": ""CG Brows and Beauty"", ""rating"": 5, ""reviews"": 3}, {""name"": ""Local Liquor"", ""rating"": 5, ""reviews"": 1}]"
actmapi_cz4_m35d39096_149d16786,Local Centre — Hume,-35.390962623596195,149.1678599841025,"Hume, ACT",actmapi_cz4,60,1310,5.77,4.61,6.67,2.94,5.29,0.0,0.0,0.0,"{""DES"": 79981, ""IZ1"": 499932, ""TSZ2"": 16775, ""CZ4"": 1895}",1,0.0,"[{""name"": ""B NOTICED INTERIORS & INSULATION"", ""rating"": 5, ""reviews"": 151}, {""name"": ""Pac L\u00e9 Mond"", ""rating"": 5, ""reviews"": 57}, {""name"": ""Burgermaker"", ""rating"": 5, ""reviews"": 40}]"
actmapi_cz4_m35d36779_149d11175,Local Centre — Isaacs,-35.36779245791222,149.11174957925925,"Isaacs, ACT",actmapi_cz4,43,499,6.11,3.18,9.17,1.66,5.7,2.87,1.437,0.509,"{""DES"": 44286, ""RZ1"": 183675, ""CF"": 17434, ""PRZ1"": 184815, ""NUZ3"": 859, ""TSZ1"": 61248, ""RZ2"": 142437, ""CZ4"": 5472}",964,3.48,"[{""name"": ""Baba G's Farm Quality Pet and Stock Feed"", ""rating"": 5, ""reviews"": 23}, {""name"": ""Stavridis Group"", ""rating"": 5, ""reviews"": 13}, {""name"": ""Les Ellis & Associates"", ""rating"": 5, ""reviews"": 9}]"
actmapi_cz4_m35d33919_149d07660,Local Centre — Lyons,-35.33918918128284,149.07660269338675,"Lyons, ACT",actmapi_cz4,26,287,5.62,3.06,6.67,7.8,5.91,2.85,1.424,0.69,"{""DES"": 2820, ""RZ1"": 257761, ""RZ2"": 181903, ""TSZ1"": 42917, ""CF"": 26067, ""RZ5"": 169, ""PRZ1"": 120724, ""CZ4"": 5846, ""RZ4"": 1459}",1446,5.23,"[{""name"": ""Lyons Friendly Grocer"", ""rating"": 5, ""reviews"": 30}, {""name"": ""Corporate Accounting Solutions"", ""rating"": 5, ""reviews"": 5}, {""name"": ""Lyons Play Ground"", ""rating"": 5, ""reviews"": 2}]"
actmapi_cz4_m35d40491_149d11841,Local Centre — Fadden,-35.40491450795812,149.11841439061092,"Fadden, ACT",actmapi_cz4,17,521,5.26,5.4,5.83,8.77,6.19,2.85,1.424,0.671,"{""RZ1"": 247122, ""CF"": 29188, ""PRZ1"": 145931, ""NUZ3"": 11487, ""TSZ1"": 18527, ""RZ2"": 181887, ""CZ4"": 4993}",995,3.59,"[{""name"": ""PiNICT"", ""rating"": 5, ""reviews"": 1}, {""name"": ""Serene Hair and Body Clinic"", ""rating"": 4.9, ""reviews"": 75}, {""name"": ""Tuggeranong Chiropractic Centre"", ""rating"": 4.9, ""reviews"": 73}]"
actmapi_cz4_m35d42845_149d09156,Local Centre — Isabella Plains,-35.428447280087546,149.09156208246213,"Isabella Plains, ACT",actmapi_cz4,33,1555,3.89,6.41,10.0,0.0,5.75,3.27,1.637,0.619,"{""RZ1"": 143720, ""CF"": 149604, ""PRZ1"": 35256, ""TSZ1"": 51109, ""RZ2"": 251795, ""CZ4"": 7441}",1311,4.74,"[{""name"": ""Baxter Design"", ""rating"": 5, ""reviews"": 4}, {""name"": ""Isabella Plains Medical Centre - Dr. Alfred Low"", ""rating"": 5, ""reviews"": 1}, {""name"": ""Isabella Plains Medical Centre"", ""rating"": 4.7, ""reviews"": 952}]"
actmapi_cz4_m35d37554_149d10173,Local Centre — Farrer,-35.37554317558328,149.10173467441044,"Farrer, ACT",actmapi_cz4,31,1829,6.16,6.94,5.83,5.89,6.15,2.88,1.438,0.667,"{""RZ1"": 239777, ""DES"": 61193, ""CF"": 33735, ""PRZ1"": 87872, ""TSZ1"": 22634, ""RZ2"": 186765, ""CZ4"": 7335}",1414,5.11,"[{""name"": ""GG's Flowers & Hampers"", ""rating"": 5, ""reviews"": 125}, {""name"": ""Gloss Hair"", ""rating"": 5, ""reviews"": 14}, {""name"": ""Mindful Directions"", ""rating"": 5, ""reviews"": 2}]"
actmapi_cz4_m35d24834_149d06010,Local Centre — Macquarie,-35.24833580678114,149.06009775172768,"Macquarie, ACT",actmapi_cz4,40,645,5.76,3.92,9.17,5.22,6.48,3.19,1.596,0.59,"{""CF"": 46678, ""PRZ1"": 75405, ""TSZ1"": 105336, ""RZ2"": 225432, ""CZ4"": 11998, ""RZ1"": 152659, ""CZ3"": 22832}",956,3.45,"[{""name"": ""Shine Deluxe Mobile Detailing"", ""rating"": 5, ""reviews"": 41}, {""name"": ""Canberra Hearing"", ""rating"": 5, ""reviews"": 17}, {""name"": ""YOU-BEAUTY STUDIO"", ""rating"": 5, ""reviews"": 9}]"
actmapi_cz4_m35d19332_149d04366,Local Centre — Fraser,-35.19332377882649,149.0436553350784,"Fraser, ACT",actmapi_cz4,34,486,5.29,3.64,5.0,6.02,5.0,3.19,1.596,0.608,"{""RZ1"": 157556, ""CF"": 40013, ""PRZ1"": 74108, ""TSZ1"": 31153, ""RZ2"": 232243, ""CZ4"": 20963, ""NUZ3"": 84906}",655,2.35,"[{""name"": ""ACT Mobile Tyre Services"", ""rating"": 5, ""reviews"": 174}, {""name"": ""Running 4 Happiness Project"", ""rating"": 5, ""reviews"": 30}, {""name"": ""Aao Jee Traditional Indian Restaurant FRASER"", ""rating"": 4.9, ""reviews"": 77}]"
actmapi_cz4_m35d35531_149d09831,Local Centre — Mawson,-35.35530753298759,149.0983139683245,"Mawson, ACT",actmapi_cz4,36,728,5.96,4.44,5.83,5.48,5.51,3.65,1.823,0.513,"{""DES"": 51214, ""RZ1"": 58096, ""CF"": 50963, ""PRZ1"": 138223, ""RZ2"": 270155, ""TSZ1"": 66386, ""CZ4"": 4422}",1082,3.9,"[{""name"": ""B&BS Nepalese grocery store"", ""rating"": 5, ""reviews"": 134}, {""name"": ""SMART Australia Education and Migration"", ""rating"": 5, ""reviews"": 25}, {""name"": ""Mawson Out of School Hours Care"", ""rating"": 5, ""reviews"": 3}]"
actmapi_cz4_m35d19702_149d11846,Local Centre — Palmerston,-35.197022475118445,149.11846070381654,"Palmerston, ACT",actmapi_cz4,34,707,5.29,4.5,10.0,2.87,6.3,2.0,1.0,0.701,"{""RZ1"": 448532, ""TSZ1"": 71121, ""CF"": 29739, ""PRZ1"": 45649, ""CZ4"": 9193, ""NUZ1"": 36030}",1744,6.31,"[{""name"": ""Balance Family Chiropractic"", ""rating"": 5, ""reviews"": 16}, {""name"": ""Nonhongsar Property"", ""rating"": 5, ""reviews"": 8}, {""name"": ""Barmil Care Services"", ""rating"": 5, ""reviews"": 3}]"
actmapi_cz4_m35d36260_149d08155,Local Centre — Pearce,-35.36259780243691,149.0815469216115,"Pearce, ACT",actmapi_cz4,51,1097,5.62,4.58,3.33,0.11,3.51,2.28,1.139,0.773,"{""RZ1"": 425436, ""CF"": 31746, ""PRZ1"": 70204, ""RZ2"": 68962, ""CZ4"": 6297, ""TSZ1"": 36832}",1202,4.34,"[{""name"": ""Yoga for Birth and Beyond - Canberra"", ""rating"": 5, ""reviews"": 35}, {""name"": ""The TLC Co Store"", ""rating"": 5, ""reviews"": 4}, {""name"": ""Women's Centre for Health Matters"", ""rating"": 5, ""reviews"": 3}]"
actmapi_cz4_m35d42756_149d11535,Local Centre — Richardson,-35.42755567519055,149.11534696786896,"Richardson, ACT",actmapi_cz4,21,51,4.65,0.04,0.0,0.0,1.17,2.54,1.27,0.688,"{""RZ1"": 320949, ""CF"": 28974, ""PRZ1"": 120821, ""TSZ1"": 42163, ""RZ2"": 118912, ""CZ4"": 7154}",997,3.6,"[{""name"": ""Little Smiles Early Childhood Centre"", ""rating"": 5, ""reviews"": 22}, {""name"": ""Communities at Work Richardson Child Care and Education Centre"", ""rating"": 5, ""reviews"": 5}, {""name"": ""Telstra Payphone"", ""rating"": 5, ""reviews"": 1}]"
actmapi_cz4_m35d34729_149d03650,Local Centre — Rivett,-35.347288930108654,149.03649904898492,"Rivett, ACT",actmapi_cz4,38,473,6.01,3.34,10.0,1.42,5.95,2.56,1.281,0.712,"{""RZ1"": 327263, ""CF"": 51371, ""PRZ1"": 90142, ""TSZ1"": 33913, ""RZ2"": 128146, ""CZ4"": 8749}",1236,4.47,"[{""name"": ""Noahs Ark Family and Community Centres"", ""rating"": 5, ""reviews"": 8}, {""name"": ""Reformed Church of Canberra"", ""rating"": 5, ""reviews"": 6}, {""name"": ""360 Early Education Rivett"", ""rating"": 5, ""reviews"": 6}]"
actmapi_cz4_m35d23974_149d05263,Local Centre — Page,-35.23973912438268,149.05263397685843,"Page, ACT",actmapi_cz4,34,641,5.36,4.28,3.33,6.64,4.69,3.77,1.886,0.822,"{""CF"": 8032, ""PRZ1"": 28853, ""TSZ1"": 68705, ""RZ2"": 466349, ""CZ4"": 7782, ""RZ1"": 60062, ""CZ3"": 677}",1545,5.59,"[{""name"": ""BURGER VILLAINS PAGE"", ""rating"": 5, ""reviews"": 24}, {""name"": ""Namadgi Legal"", ""rating"": 5, ""reviews"": 7}, {""name"": ""Wombats Playschool"", ""rating"": 5, ""reviews"": 5}]"
actmapi_cz4_m35d40084_149d08635,Local Centre — Wanniassa,-35.40083577916348,149.08635208123974,"Wanniassa, ACT",actmapi_cz4,19,136,5.31,2.12,0.83,7.49,3.54,2.0,1.0,0.685,"{""RZ1"": 437609, ""CF"": 72498, ""PRZ1"": 65510, ""TSZ1"": 61183, ""CZ4"": 2312}",1004,3.62,"[{""name"": ""Doghouse Boxing"", ""rating"": 5, ""reviews"": 90}, {""name"": ""Two Sheds Workshop"", ""rating"": 5, ""reviews"": 1}, {""name"": ""Wheeler Cr before Hanna St"", ""rating"": 5, ""reviews"": 1}]"
actmapi_cz4_m35d35274_149d05954,Local Centre — Waramanga,-35.35273918218688,149.0595411436218,"Waramanga, ACT",actmapi_cz4,33,481,5.57,3.69,9.17,5.51,6.44,2.77,1.383,0.537,"{""RZ1"": 211828, ""CF"": 90871, ""PRZ1"": 149730, ""TSZ1"": 45769, ""RZ2"": 131466, ""CZ4"": 9866}",1146,4.14,"[{""name"": ""Washington Brown Depreciation - Quantity Surveyors"", ""rating"": 5, ""reviews"": 136}, {""name"": ""Waramanga General Store & AusPost"", ""rating"": 5, ""reviews"": 2}, {""name"": ""Local Liquor"", ""rating"": 5, ""reviews"": 1}]"
actmapi_cz4_m35d24901_149d04892,Local Centre — Weetangera,-35.24900655447677,149.0489201098682,"Weetangera, ACT",actmapi_cz4,30,1189,5.31,6.0,3.33,5.22,4.74,3.04,1.521,0.737,"{""CF"": 38756, ""PRZ1"": 75187, ""TSZ1"": 45934, ""RZ2"": 245870, ""CZ4"": 8827, ""RZ1"": 225789}",1066,3.85,"[{""name"": ""The Strength Syndicate"", ""rating"": 5, ""reviews"": 60}, {""name"": ""Accelr8 Rehab"", ""rating"": 5, ""reviews"": 42}, {""name"": ""Canberra Sultans Sports Club"", ""rating"": 5, ""reviews"": 6}]"
actmapi_cz4_m35d33399_149d05582,Local Centre — Weston,-35.333988051155,149.05582001186136,"Weston, ACT",actmapi_cz4,13,91,6.85,2.08,0.0,5.22,3.17,2.39,1.194,0.584,"{""PRZ1"": 99416, ""RZ1"": 349237, ""TSZ1"": 79118, ""CF"": 44720, ""PRZ2"": 41863, ""RZ4"": 24169, ""CZ4"": 952}",1138,4.11,"[{""name"": ""Deep Blue Ceramics"", ""rating"": 5, ""reviews"": 74}, {""name"": ""Michele Bolitho - Michele the Celebrant, Canberra"", ""rating"": 5, ""reviews"": 7}, {""name"": ""Calm by B"", ""rating"": 5, ""reviews"": 5}]"
actmapi_cz4_m35d38318_149d05011,Local Centre — Kambah,-35.38317644249875,149.05010561512165,"Kambah, ACT",actmapi_cz4,25,1009,6.44,6.05,4.17,4.7,5.22,2.54,1.268,0.702,"{""CF"": 60021, ""PRZ2"": 4671, ""PRZ1"": 93327, ""TSZ1"": 30737, ""RZ2"": 120149, ""CZ4"": 1950, ""RZ1"": 328516}",989,3.57,"[{""name"": ""Images Instantly - Wedding, Family & Event Photographers in Canberra & ACT"", ""rating"": 5, ""reviews"": 18}, {""name"": ""House of Reps Gym"", ""rating"": 5, ""reviews"": 12}, {""name"": ""Na's Massage Therapy"", ""rating"": 5, ""reviews"": 3}]"
actmapi_cz4_m35d38988_149d07803,Local Centre — Kambah,-35.3898756556682,149.07803010474285,"Kambah, ACT",actmapi_cz4,12,27,5.76,0.0,0.0,5.22,2.48,2.0,1.0,0.695,"{""RZ1"": 444192, ""CF"": 18457, ""PRZ1"": 73910, ""TSZ1"": 101315, ""CZ4"": 1278}",1106,3.99,"[{""name"": ""Brian Curtis Solicitors"", ""rating"": 5, ""reviews"": 11}, {""name"": ""Captivate Interior Design"", ""rating"": 5, ""reviews"": 2}, {""name"": ""Calypso Pan-Tas-Tic"", ""rating"": 5, ""reviews"": 1}]"
actmapi_cz4_m35d23380_149d04032,Local Centre — Scullin,-35.23379687835929,149.0403197429613,"Scullin, ACT",actmapi_cz4,55,1194,5.0,4.6,9.17,5.96,6.57,2.79,1.396,0.733,"{""RZ1"": 285796, ""CF"": 53172, ""PRZ1"": 65875, ""TSZ1"": 36647, ""RZ2"": 182205, ""RZ4"": 1276, ""CZ4"": 15487}",1366,4.94,"[{""name"": ""Florentis Health"", ""rating"": 5, ""reviews"": 8}, {""name"": ""Timeless Tokens photography"", ""rating"": 5, ""reviews"": 7}, {""name"": ""Nan's Child Care Centre"", ""rating"": 5, ""reviews"": 3}]"
actmapi_cz4_m35d20087_149d06870,Local Centre — Spence,-35.20086796006795,149.06869897140436,"Spence, ACT",actmapi_cz4,16,34,4.73,0.0,5.83,6.64,4.55,2.0,1.0,0.718,"{""RZ1"": 460108, ""CF"": 30865, ""PRZ1"": 78661, ""TSZ2"": 29953, ""NUZ3"": 3497, ""TSZ1"": 37070, ""CZ4"": 613}",1114,4.02,"[{""name"": ""Stump'd Tree Services"", ""rating"": 5, ""reviews"": 3}, {""name"": ""Copland Dr Spence Terminus"", ""rating"": 5, ""reviews"": 1}, {""name"": ""Dimension Hair Studio"", ""rating"": 4.8, ""reviews"": 4}]"
actmapi_cz4_m35d37929_149d06626,Local Centre — Kambah,-35.37929279464258,149.06625599363295,"Kambah, ACT",actmapi_cz4,26,255,4.53,2.8,0.0,0.25,1.74,2.09,1.044,0.73,"{""RZ1"": 446100, ""CF"": 31188, ""PRZ1"": 76175, ""TSZ1"": 64381, ""RZ2"": 20324, ""CZ4"": 1145}",994,3.58,"[{""name"": ""Relentless Drum Lessons"", ""rating"": 5, ""reviews"": 17}, {""name"": ""Matthew J Webster"", ""rating"": 5, ""reviews"": 9}, {""name"": ""Solving Design"", ""rating"": 5, ""reviews"": 3}]"
actmapi_cz4_m35d50906_149d06671,Local Centre — Tharwa,-35.509059181235884,149.0667095989268,"Tharwa, ACT",actmapi_cz4,18,151,6.35,2.47,3.33,10.0,5.25,0.51,1.0,0.102,"{""RZ1"": 64809, ""CF"": 15259, ""NUZ3"": 283665, ""CZ4"": 2222, ""TSZ1"": 29089, ""NUZ4"": 243251}",12,0.01,"[{""name"": ""Nana's Pearls Antiques"", ""rating"": 5, ""reviews"": 1}, {""name"": ""Tharwa Community Hall"", ""rating"": 5, ""reviews"": 1}, {""name"": ""Southern ACT Volunteer bush fire Brigade, ACT Rural Fire Service"", ""rating"": 5, ""reviews"": 1}]"
actmapi_cz4_m35d44924_149d12166,Local Centre — Theodore,-35.44923562373185,149.12165681556942,"Theodore, ACT",actmapi_cz4,16,100,5.91,1.83,6.67,10.0,6.18,3.08,1.541,0.734,"{""RZ1"": 215468, ""CF"": 34739, ""PRZ1"": 77947, ""NUZ3"": 24135, ""TSZ1"": 28680, ""RZ2"": 253666, ""CZ4"": 4128}",1117,4.03,"[{""name"": ""Elfii"", ""rating"": 5, ""reviews"": 18}, {""name"": ""Twisted Tulips"", ""rating"": 5, ""reviews"": 5}, {""name"": ""Lawrence Wackett Cr after 1st Burdett Cr"", ""rating"": 5, ""reviews"": 1}]"
actmapi_cz4_m35d39292_149d05872,Local Centre — Kambah,-35.39291708841501,149.05872426296312,"Kambah, ACT",actmapi_cz4,14,27,5.7,0.0,0.0,8.05,3.04,2.0,1.0,0.77,"{""RZ1"": 492117, ""CF"": 14518, ""PRZ1"": 86446, ""TSZ1"": 43830, ""CZ4"": 2252}",944,3.4,"[{""name"": ""Apogee Roofing"", ""rating"": 5, ""reviews"": 13}, {""name"": ""Bronwyn Parsons Photography"", ""rating"": 4.5, ""reviews"": 13}, {""name"": ""Ortloff Playground"", ""rating"": 4, ""reviews"": 1}]"
actmapi_cz4_m35d35573_149d04042,Local Centre — Chapman,-35.35572708985569,149.04041917559124,"Chapman, ACT",actmapi_cz4,27,592,5.5,4.63,10.0,3.59,6.52,2.57,1.283,0.683,"{""DES"": 11201, ""RZ1"": 312969, ""CF"": 53205, ""PRZ1"": 58892, ""NUZ3"": 12917, ""TSZ1"": 59290, ""RZ2"": 123661, ""CZ4"": 7373}",1109,4.0,"[{""name"": ""Fixed"", ""rating"": 5, ""reviews"": 24}, {""name"": ""Noir Hair"", ""rating"": 5, ""reviews"": 6}, {""name"": ""Weston Creek Playgroups Association"", ""rating"": 5, ""reviews"": 1}]"
actmapi_cz4_m35d23146_149d02695,Local Centre — Higgins,-35.231460122599756,149.02695288965842,"Higgins, ACT",actmapi_cz4,33,323,5.58,2.8,8.33,6.64,6.2,2.25,1.124,0.659,"{""RZ1"": 369465, ""CF"": 50476, ""PRZ1"": 113611, ""TSZ1"": 33806, ""RZ2"": 52312, ""CZ4"": 20802}",1175,4.24,"[{""name"": ""Higgins Dental"", ""rating"": 5, ""reviews"": 107}, {""name"": ""CARM Therapies"", ""rating"": 5, ""reviews"": 48}, {""name"": ""Hudsons Catering"", ""rating"": 5, ""reviews"": 20}]"
actmapi_cz4_m35d22451_149d01131,Local Centre — Holt,-35.22450836990451,149.01130867990986,"Holt, ACT",actmapi_cz4,35,904,5.94,5.0,9.17,4.27,6.55,2.63,1.313,0.77,"{""RZ1"": 338787, ""CF"": 42515, ""PRZ1"": 69387, ""TSZ1"": 26597, ""RZ2"": 154208, ""CZ4"": 9098}",1385,5.01,"[{""name"": ""Front Row Plumbing & Gas"", ""rating"": 5, ""reviews"": 26}, {""name"": ""PullPush Driving School"", ""rating"": 5, ""reviews"": 20}, {""name"": ""UNO Hair Design"", ""rating"": 5, ""reviews"": 6}]"
actmapi_cz4_m35d47219_149d09563,Local Centre — Banks,-35.47219211394709,149.09563403936082,"Banks, ACT",actmapi_cz4,18,349,5.21,4.34,7.5,10.0,6.8,2.0,1.0,0.754,"{""RZ1"": 481412, ""PRZ1"": 111686, ""TSZ1"": 40913, ""CZ4"": 4703}",1629,5.9,"[{""name"": ""Capital To Coast Electrical"", ""rating"": 5, ""reviews"": 56}, {""name"": ""Banks neighbourhood Oval"", ""rating"": 4.6, ""reviews"": 5}, {""name"": ""Paw Bearers"", ""rating"": 4.5, ""reviews"": 22}]"
actmapi_cz4_m35d32806_149d14260,Local Centre — Griffith,-35.32805578494953,149.1425992512316,"Griffith, ACT",actmapi_cz4,60,2627,5.45,6.23,10.0,7.66,7.64,2.41,1.206,0.813,"{""CF"": 51681, ""PRZ2"": 2369, ""PRZ1"": 53859, ""CZ4"": 11576, ""RZ2"": 107001, ""RZ1"": 413254}",1136,4.1,"[{""name"": ""Sentia Real Estate"", ""rating"": 5, ""reviews"": 67}, {""name"": ""Plastering Patch and Repair Service"", ""rating"": 5, ""reviews"": 19}, {""name"": ""Transition Breath - Breathwork & Holistic Counselling Canberra"", ""rating"": 5, ""reviews"": 6}]"
actmapi_cz4_m35d21068_149d01229,Local Centre — Macgregor,-35.210683182283546,149.01228716058264,"Macgregor, ACT",actmapi_cz4,27,373,5.79,3.57,0.0,4.08,2.98,3.08,1.542,0.539,"{""PRZ1"": 211043, ""TSZ1"": 34135, ""RZ1"": 158096, ""CF"": 39658, ""RZ2"": 187169, ""CZ4"": 10539}",915,3.3,"[{""name"": ""Ben Calvert Photography"", ""rating"": 5, ""reviews"": 62}, {""name"": ""Little Grasshopper Photography"", ""rating"": 5, ""reviews"": 27}, {""name"": ""Boss renovation services"", ""rating"": 5, ""reviews"": 3}]"
actmapi_cz4_m35d19471_149d06192,Local Centre — Spence,-35.19470820274613,149.06192364185068,"Spence, ACT",actmapi_cz4,31,527,5.89,4.03,9.17,9.99,7.49,2.66,1.328,0.622,"{""CF"": 1338, ""PRZ1"": 68773, ""NUZ3"": 106521, ""TSZ1"": 57720, ""RZ2"": 130568, ""RZ1"": 267865, ""CZ4"": 8019}",912,3.29,"[{""name"": ""Kali Rebecca Wedding Photo and Video"", ""rating"": 5, ""reviews"": 43}, {""name"": ""Kingdom Painting Services"", ""rating"": 5, ""reviews"": 36}, {""name"": ""Grocer and Grind Eatery"", ""rating"": 5, ""reviews"": 7}]"
actmapi_cz4_m35d17369_149d10815,Local Centre — Ngunnawal,-35.173691983568816,149.10814577459723,"Ngunnawal, ACT",actmapi_cz4,45,1061,6.06,4.79,10.0,9.53,7.88,2.0,1.0,0.702,"{""RZ1"": 449898, ""PRZ1"": 88805, ""CF"": 31517, ""TSZ1"": 61131, ""CZ4"": 9606}",1873,6.78,"[{""name"": ""Ned's Plumbing and Gas"", ""rating"": 5, ""reviews"": 141}, {""name"": ""F45 Training Ngunnawal"", ""rating"": 5, ""reviews"": 44}, {""name"": ""Susanna Jose Ceremonies"", ""rating"": 5, ""reviews"": 11}]"
actmapi_cz4_m35d14953_149d13006,Local Centre — Unknown,-35.14953096054361,149.13006363874536,"Unknown, ACT",actmapi_cz4,5,2,7.41,0.0,0.83,2.38,2.62,2.61,1.421,0.367,"{""PRZ1"": 177406, ""RZ1"": 202213, ""CZ5"": 29358, ""CZ4"": 4106, ""CF"": 34495, ""NUZ3"": 127095, ""RZ4"": 32982, ""TSZ1"": 33499}",1,0.0,"[{""name"": ""Jacka Netball Courts"", ""rating"": 5, ""reviews"": 2}]"
actmapi_cz4_m35d28073_149d06643,Local Centre — Unknown,-35.28072977785324,149.06642772599412,"Unknown, ACT",actmapi_cz4,1,0,0.0,0.0,0.0,2.38,0.48,3.11,1.557,0.867,"{""TSZ1"": 36549, ""NUZ3"": 15055, ""RZ1"": 400321, ""RZ3"": 154439, ""CZ4"": 20130, ""DES"": 13690}",1,0.0,[]
actmapi_cz4_m35d30382_149d05759,Local Centre — Unknown,-35.303818102561294,149.0575875067172,"Unknown, ACT",actmapi_cz4,1,0,0.0,0.0,0.0,2.38,0.48,3.46,1.729,0.573,"{""RZ1"": 232905, ""CF"": 7232, ""DES"": 157184, ""RZ3"": 133483, ""PRZ1"": 7265, ""CZ4"": 19927, ""TSZ1"": 28469, ""NUZ4"": 53441}",1,0.0,[]
actmapi_cz4_m35d15995_149d10080,Local Centre — Casey,-35.15994543281249,149.1007996187077,"Casey, ACT",actmapi_cz4,25,438,4.37,4.11,9.17,6.35,6.39,3.47,1.735,0.695,"{""RZ1"": 312106, ""PRZ1"": 105479, ""RZ4"": 60821, ""TSZ2"": 613, ""RZ3"": 72611, ""TSZ1"": 79450, ""CZ4"": 9913}",2075,7.52,"[{""name"": ""ACT PHOTO BOOTH | Photo Booth Hire Canberra"", ""rating"": 5, ""reviews"": 27}, {""name"": ""JJ\u2019s Flooring Specialist"", ""rating"": 5, ""reviews"": 10}, {""name"": ""English Academia"", ""rating"": 5, ""reviews"": 5}]"
actmapi_cz4_m35d19321_149d15011,Local Centre — Franklin,-35.19321111604193,149.15010951655992,"Franklin, ACT",actmapi_cz4,56,1286,6.28,4.73,7.5,6.02,6.34,6.56,3.278,0.558,"{""PRZ1"": 98946, ""CF"": 33606, ""RZ3"": 258114, ""TSZ1"": 100805, ""RZ4"": 99348, ""CZ5"": 41621, ""CZ4"": 8324}",3170,10.0,"[{""name"": ""Linear Blinds Curtains & Flooring"", ""rating"": 5, ""reviews"": 33}, {""name"": ""Sandesh Music Classes"", ""rating"": 5, ""reviews"": 22}, {""name"": ""MM professional Henna Artist"", ""rating"": 5, ""reviews"": 10}]"
actmapi_cz4_m35d31880_149d03790,Local Centre — Coombs,-35.318797866113826,149.03789713098524,"Coombs, ACT",actmapi_cz4,60,2994,5.16,6.55,10.0,6.64,7.43,7.93,3.966,0.613,"{""RZ5"": 273374, ""PRZ1"": 50274, ""NUZ4"": 3470, ""CZ5"": 64262, ""CF"": 45878, ""RZ1"": 95622, ""RZ4"": 23394, ""CZ4"": 17734, ""TSZ1"": 65801}",2827,10.0,"[{""name"": ""BK Personal Training"", ""rating"": 5, ""reviews"": 32}, {""name"": ""VALENTIA AVENUE"", ""rating"": 5, ""reviews"": 12}, {""name"": ""Canberra Martial Arts & Fitness Centre"", ""rating"": 5, ""reviews"": 10}]"
actmapi_cz4_m35d24519_149d14470,Local Centre — Downer,-35.24518831782172,149.14469703962425,"Downer, ACT",actmapi_cz4,60,1367,5.29,4.71,3.33,3.59,4.15,3.02,1.509,0.731,"{""CF"": 9339, ""PRZ1"": 76526, ""TSZ1"": 51732, ""RZ1"": 334628, ""RZ2"": 93399, ""RZ3"": 7606, ""RZ5"": 32345, ""CZ4"": 8222, ""CZ6"": 26599}",1706,6.18,"[{""name"": ""JBR Pets Downer"", ""rating"": 5, ""reviews"": 14}, {""name"": ""Sam Mop"", ""rating"": 5, ""reviews"": 8}, {""name"": ""Jishukan Ryu (Japanese Jiu jitsu)"", ""rating"": 5, ""reviews"": 4}]"
actmapi_cz4_m35d29921_149d02335,Local Centre — Denman Prospect,-35.299211861320956,149.02334794858353,"Denman Prospect, ACT",actmapi_cz4,49,1367,5.89,5.18,10.0,3.84,6.78,4.43,2.214,0.558,"{""RZ5"": 91752, ""PRZ1"": 135395, ""CF"": 92719, ""CZ4"": 16564, ""TSZ1"": 38005, ""RZ4"": 22247, ""RZ1"": 243276}",991,3.57,"[{""name"": ""Evolving Smiles"", ""rating"": 5, ""reviews"": 54}, {""name"": ""Telcast"", ""rating"": 5, ""reviews"": 7}, {""name"": ""Sacred Chimez"", ""rating"": 5, ""reviews"": 5}]"
actmapi_cz4_m35d14788_149d10448,Local Centre — Taylor,-35.1478811502461,149.1044844372097,"Taylor, ACT",actmapi_cz4,25,443,6.9,4.14,0.0,9.35,4.42,3.39,1.695,0.6,"{""NUZ3"": 29021, ""RZ1"": 262470, ""RZ3"": 99728, ""PRZ1"": 132092, ""RZ4"": 22751, ""TSZ1"": 66670, ""CF"": 6851, ""CZ4"": 9631, ""CZ5"": 11880}",658,2.36,"[{""name"": ""ACT Driving Solutions"", ""rating"": 5, ""reviews"": 192}, {""name"": ""New Age Home Loans"", ""rating"": 5, ""reviews"": 63}, {""name"": ""Blue Painting & Decorating"", ""rating"": 5, ""reviews"": 11}]"
actmapi_cz4_m35d34219_149d22946,Local Centre — Oaks Estate,-35.342192865988075,149.22946420393018,"Oaks Estate, ACT",actmapi_cz4,25,256,4.94,2.91,2.5,6.64,4.02,1.96,1.0,0.393,"{""PRZ1"": 20616, ""NUZ4"": 51491, ""NUZ2"": 90325, ""RZ1"": 124885, ""TSZ1"": 9010, ""CZ4"": 20177, ""CF"": 1460}",266,0.94,"[{""name"": ""Playground at Gillipsie Park"", ""rating"": 5, ""reviews"": 3}, {""name"": ""Capital Stainless Steel"", ""rating"": 5, ""reviews"": 2}, {""name"": ""Mogo Mudbricks"", ""rating"": 5, ""reviews"": 1}]"
actmapi_cz4_m35d14680_149d12513,Local Centre — Jacka,-35.146801005712874,149.12512710810392,"Jacka, ACT",actmapi_cz4,6,74,7.07,3.31,0.0,10.0,4.43,3.29,1.647,0.704,"{""RZ1"": 331020, ""PRZ1"": 134881, ""NUZ3"": 21592, ""RZ3"": 68386, ""TSZ1"": 23997, ""RZ4"": 51620, ""CZ4"": 9529}",16,0.03,"[{""name"": ""Everist Hilltop Park"", ""rating"": 5, ""reviews"": 4}, {""name"": ""Taz Building Group- Custom Home Builder Canberra"", ""rating"": 4.8, ""reviews"": 70}]"
actmapi_cz4_m35d27983_149d03987,Local Centre — Whitlam,-35.2798260664329,149.03986750228796,"Whitlam, ACT",actmapi_cz4,8,10,7.41,0.0,0.0,10.0,3.85,3.16,1.582,0.72,"{""PRZ1"": 75232, ""RZ1"": 339773, ""RZ3"": 95811, ""RZ4"": 25535, ""NUZ4"": 22040, ""CF"": 56675, ""CZ4"": 4187, ""CZ5"": 20867}",1,0.0,"[{""name"": ""Reborn beauty Facial treatment"", ""rating"": 5, ""reviews"": 10}]"
ChIJj9TKneatF2sRSVMgHnyLH5s,Woolworths Kippax,-35.2228382,149.0202097,"Kippax Fair, Holt ACT 2615",google_places,60,5321,4.75,7.91,10.0,7.34,7.74,3.59,1.998,0.359,"{""TSZ1"": 60296, ""CF"": 88088, ""PRZ1"": 86825, ""PRZ2"": 29932, ""RZ2"": 229517, ""CZ2"": 43061, ""RZ1"": 417, ""CZ6"": 20324, ""CZ3"": 17417, ""CZ1"": 64587}",1063,3.84,"[{""name"": ""A Caring Touch Dog Grooming"", ""rating"": 5, ""reviews"": 38}, {""name"": ""Kippax Fair Newsagency"", ""rating"": 5, ""reviews"": 15}, {""name"": ""Ignis Strength & Fitness Gym"", ""rating"": 5, ""reviews"": 14}]"
ChIJ49Od_OtUFmsR5GCnHat8Kt0,Coles Amaroo,-35.16456,149.13207,"Hibberson St, Amaroo ACT",google_places,57,3664,4.25,7.15,10.0,7.58,7.51,3.45,1.725,0.596,"{""RZ1"": 272790, ""PRZ1"": 61095, ""RZ3"": 50610, ""TSZ1"": 94172, ""CF"": 66098, ""CZ3"": 2816, ""RZ4"": 58623, ""CZ1"": 22892, ""CZ2"": 11959}",2241,8.12,"[{""name"": ""On Crossman St"", ""rating"": 5, ""reviews"": 35}, {""name"": ""NB CURTAINS & DECOR"", ""rating"": 5, ""reviews"": 10}, {""name"": ""Rose cleaning services"", ""rating"": 5, ""reviews"": 9}]"
ChIJ6c3XBZxUFmsRUoRSAjP3be0,Coles Gungahlin,-35.18646,149.13588,Gungahlin Town Centre ACT,google_places,60,11006,3.55,9.65,10.0,6.48,7.61,0.28,3.0,0.019,"{""TSZ1"": 117333, ""PRZ1"": 38007, ""CF"": 68931, ""CZ5"": 86976, ""CZ1"": 202204, ""NUZ3"": 93246, ""CZ2"": 21952, ""RZ3"": 12147}",1322,4.78,"[{""name"": ""MiQ Private Wealth Canberra"", ""rating"": 5, ""reviews"": 19}, {""name"": ""IMB Bank - Gungahlin Branch"", ""rating"": 5, ""reviews"": 7}, {""name"": ""Dr. Shilpa Kalburgi"", ""rating"": 5, ""reviews"": 2}]"
ChIJHYUSL1erF2sR1m-BfqhHHD8,Supabarn Casey,-35.17478,149.0953,Casey Marketplace ACT,google_places,60,9043,4.73,9.19,10.0,8.17,8.15,4.73,2.363,0.406,"{""RZ1"": 143005, ""TSZ1"": 170195, ""CF"": 45851, ""RZ3"": 7484, ""PRZ1"": 89799, ""PRZ2"": 15918, ""RZ4"": 116126, ""CZ5"": 5390, ""CZ1"": 62060, ""TSZ2"": 100}",1661,6.01,"[{""name"": ""Soma Health and Rehab"", ""rating"": 5, ""reviews"": 31}, {""name"": ""Yogic Vidhi"", ""rating"": 5, ""reviews"": 28}, {""name"": ""Canberra Sports Physiotherapy and Rehabilitation"", ""rating"": 5, ""reviews"": 21}]"
ChIJA02uo081FmsRya-d3BRKSAk,Woolworths Calwell,-35.43469,149.11471,Calwell shops ACT,google_places,60,3196,4.0,6.7,10.0,8.77,7.59,2.97,1.6,0.371,"{""RZ1"": 94908, ""CF"": 91791, ""PRZ1"": 146126, ""TSZ1"": 101429, ""RZ2"": 142451, ""CZ1"": 24892, ""TSZ2"": 9782, ""CZ3"": 27688}",769,2.77,"[{""name"": ""Giorgio\u2019s Hair & Beauty Bar"", ""rating"": 5, ""reviews"": 2}, {""name"": ""Calwell Market"", ""rating"": 5, ""reviews"": 2}, {""name"": ""Lice Clinics Australia is now closed in Calwell"", ""rating"": 5, ""reviews"": 1}]"
ChIJXxjpaJZKFmsRY8ube7gfawo,Coles Chisholm,-35.41376,149.12837,Chisholm shops ACT,google_places,60,3849,4.53,7.15,10.0,7.73,7.61,3.7,1.945,0.381,"{""RZ1"": 13322, ""CF"": 17034, ""PRZ1"": 178725, ""PRZ2"": 14454, ""NUZ3"": 15897, ""TSZ1"": 113728, ""RZ2"": 229854, ""CZ3"": 27206, ""CZ1"": 28764}",787,2.83,"[{""name"": ""M7 Barbers Chisholm"", ""rating"": 5, ""reviews"": 108}, {""name"": ""Harmony Body Contouring"", ""rating"": 5, ""reviews"": 25}, {""name"": ""Canberra Water Gas & Air"", ""rating"": 5, ""reviews"": 20}]"
ChIJ5_vKHSjLF2sRKan3eNUC6pE,ALDI Conder,-35.45715,149.09283,Conder shops ACT,google_places,60,5204,4.13,7.86,10.0,8.46,7.8,3.28,1.941,0.338,"{""RZ1"": 12644, ""CF"": 132471, ""PRZ1"": 135816, ""TSZ1"": 85435, ""RZ2"": 202920, ""CZ6"": 11870, ""CZ1"": 41841, ""CZ3"": 15661}",988,3.56,"[{""name"": ""Phone Hub ACT"", ""rating"": 5, ""reviews"": 117}, {""name"": ""Candid Hearing | Ear Wax Cleaning | Tinnitus Management | Hearing Aids"", ""rating"": 5, ""reviews"": 4}, {""name"": ""Ray Swift Moutrage & Associates"", ""rating"": 5, ""reviews"": 1}]"
ChIJkXw0jYTKF2sRKpXq9oj-UhA,Woolworths Tuggeranong,-35.41566,149.06681,Tuggeranong Town Centre ACT,google_places,60,12502,3.57,9.97,10.0,7.12,7.81,0.0,0.0,0.0,"{""CF"": 29105, ""CZ6"": 623, ""CZ1"": 169111, ""CZ2"": 240531, ""PRZ1"": 120028, ""TSZ1"": 79648}",487,1.74,"[{""name"": ""Elite Supps Tuggeranong"", ""rating"": 4.9, ""reviews"": 228}, {""name"": ""mycar Tyre & Auto Tuggeranong"", ""rating"": 4.8, ""reviews"": 1142}, {""name"": ""Happytel Tuggeranong Mobile Accessories & Repairs"", ""rating"": 4.8, ""reviews"": 290}]"
ChIJ1QDzhKe1F2sRyTkWY4UBS-M,Woolworths Kambah,-35.38018,149.05727,Kambah Village shops ACT,google_places,60,5474,5.64,7.99,10.0,8.05,8.12,2.69,1.874,0.287,"{""RZ1"": 23082, ""CF"": 38880, ""PRZ1"": 256742, ""TSZ1"": 108365, ""RZ2"": 160119, ""CZ3"": 4582, ""CZ1"": 26204, ""CZ6"": 13419, ""CZ2"": 7847}",812,2.92,"[{""name"": ""Village Dental - All General, Cosmetic, Implant & Orthodontic Dentistry and Denture Clinic"", ""rating"": 5, ""reviews"": 306}, {""name"": ""React Electrical Projects Pty Ltd"", ""rating"": 5, ""reviews"": 30}, {""name"": ""Transform Parenting Canberra"", ""rating"": 5, ""reviews"": 24}]"
ChIJxVnalz61F2sRdhKFec4sedU,Coles Wanniassa,-35.39129,149.08547,Wanniassa shops ACT,google_places,49,3233,4.94,7.2,10.0,8.7,7.92,3.75,1.877,0.473,"{""RZ1"": 37263, ""CF"": 30343, ""PRZ1"": 145481, ""TSZ1"": 132608, ""RZ2"": 264897, ""CZ3"": 6838, ""CZ1"": 21716}",817,2.94,"[{""name"": ""Maggie Moo Music Tuggeranong"", ""rating"": 5, ""reviews"": 9}, {""name"": ""Bridging Healthcare"", ""rating"": 5, ""reviews"": 4}, {""name"": ""TOBACCO STATION"", ""rating"": 5, ""reviews"": 2}]"
